UID,Chemical,Time,Temperature,P2O3ratio,Cat_Success,Na,Cu,O,Fe,Mn,Ni,Cu_avg_ox_state,Cu_avg_ionic_radius,Cu_ionic_potential,Cu_ox_state_range,Cu_avg_d_electrons,Fe_avg_ox_state,Fe_avg_ionic_radius,Fe_ionic_potential,Fe_ox_state_range,Fe_avg_d_electrons,Mn_avg_ox_state,Mn_avg_ionic_radius,Mn_ionic_potential,Mn_ox_state_range,Mn_avg_d_electrons,Ni_avg_ox_state,Ni_avg_ionic_radius,Ni_ionic_potential,Ni_ox_state_range,Ni_avg_d_electrons
U00001,NaCuO2,12,950,-1.0,Unsuccessful,1.0,1.0,2.0,0.0,0.0,0.0,2.0,0.87,2.2988505747126435,0.0,9.0,,,,,,,,,,,,,,,
U00002,NaFeO2,12,950,-1.0,Unsuccessful,1.0,0.0,2.0,1.0,0.0,0.0,,,,,,3.0,0.785,3.821656050955414,0.0,5.0,,,,,,,,,,
U00003,NaMnO2,12,950,0.8,Successful,1.0,0.0,2.0,0.0,1.0,0.0,,,,,,,,,,,3.0,0.785,3.821656050955414,0.0,4.0,,,,,
U00004,NaNiO2,12,950,-1.0,Unsuccessful,1.0,0.0,2.0,0.0,0.0,1.0,,,,,,,,,,,,,,,,3.0,0.725,4.137931034482759,2.0,7.0
U00005,NaCu0.5Fe0.5O2,12,950,-1.0,Unsuccessful,1.0,0.5,2.0,0.5,0.0,0.0,2.0,0.87,2.2988505747126435,0.0,9.0,3.0,0.785,3.821656050955414,0.0,5.0,,,,,,,,,,
U00006,NaCu0.5Mn0.5O2,12,950,1.0,Successful,1.0,0.5,2.0,0.0,0.5,0.0,2.0,0.87,2.2988505747126435,0.0,9.0,,,,,,4.0,0.67,5.970149253731343,0.0,3.0,,,,,
U00007,NaCu0.5Ni0.5O2,12,950,-1.0,Unsuccessful,1.0,0.5,2.0,0.0,0.0,0.5,2.0,0.87,2.2988505747126435,0.0,9.0,,,,,,,,,,,4.0,0.62,6.451612903225807,0.0,6.0
U00008,NaFe0.5Mn0.5O2,12,950,1.0,Successful,1.0,0.0,2.0,0.5,0.5,0.0,,,,,,3.0,0.785,3.821656050955414,0.0,5.0,3.0,0.785,3.821656050955414,0.0,4.0,,,,,
U00009,NaFe0.5Ni0.5O2,12,950,-1.0,Unsuccessful,1.0,0.0,2.0,0.5,0.0,0.5,,,,,,2.0,0.92,2.1739130434782608,0.0,6.0,,,,,,4.0,0.62,6.451612903225807,0.0,6.0
U00010,NaMn0.5Ni0.5O2,12,950,1.0,Successful,1.0,0.0,2.0,0.0,0.5,0.5,,,,,,,,,,,2.0,0.97,2.061855670103093,0.0,5.0,4.0,0.62,6.451612903225807,0.0,6.0
U00011,NaCu1/3Fe1/3Mn1/3O2,12,950,0.75,Successful,1.0,0.3333333333333333,2.0,0.3333333333333333,0.3333333333333333,0.0,2.0,0.87,2.2988505747126435,0.0,9.0,3.0,0.785,3.821656050955414,0.0,5.0,4.0,0.67,5.970149253731343,0.0,3.0,,,,,
U00012,NaCu1/3Fe1/3Ni1/3O2,12,950,-1.0,Unsuccessful,1.0,0.3333333333333333,2.0,0.3333333333333333,0.0,0.3333333333333333,2.0,0.87,2.2988505747126435,0.0,9.0,3.0,0.785,3.821656050955414,0.0,5.0,,,,,,4.0,0.62,6.451612903225807,0.0,6.0
U00013,NaCu1/3Mn1/3Ni1/3O2,12,950,1.0,Successful,1.0,0.3333333333333333,2.0,0.0,0.3333333333333333,0.3333333333333333,2.0,0.87,2.2988505747126435,0.0,9.0,,,,,,4.0,0.67,5.970149253731343,0.0,3.0,2.9969969969969967,0.7253153153153153,4.131991885066037,2.0,7.003003003003002
U00014,NaFe1/3Mn1/3Ni1/3O2,12,950,1.0,Successful,1.0,0.0,2.0,0.3333333333333333,0.3333333333333333,0.3333333333333333,,,,,,3.0,0.785,3.821656050955414,0.0,5.0,4.0,0.67,5.970149253731343,0.0,3.0,2.0,0.83,2.4096385542168677,0.0,8.0
U00015,NaCu0.25Fe0.25Mn0.25Ni0.25O2,12,950,0.82,Successful,1.0,0.25,2.0,0.25,0.25,0.25,2.0,0.87,2.2988505747126435,0.0,9.0,3.0,0.785,3.821656050955414,0.0,5.0,4.0,0.67,5.970149253731343,0.0,3.0,3.0,0.725,4.137931034482759,2.0,7.0
U00016,Na0.75CuO2,12,950,-1.0,Unsuccessful,0.75,1.0,2.0,0.0,0.0,0.0,2.0,0.87,2.2988505747126435,0.0,9.0,,,,,,,,,,,,,,,
U00017,Na0.75FeO2,12,950,-1.0,Unsuccessful,0.75,0.0,2.0,1.0,0.0,0.0,,,,,,3.0,0.785,3.821656050955414,0.0,5.0,,,,,,,,,,
U00018,Na0.75MnO2,12,950,0.85,Successful,0.75,0.0,2.0,0.0,1.0,0.0,,,,,,,,,,,3.25,0.75625,4.297520661157025,1.0,3.75,,,,,
U00019,Na0.75NiO2,12,950,-1.0,Unsuccessful,0.75,0.0,2.0,0.0,0.0,1.0,,,,,,,,,,,,,,,,3.25,0.69875,4.651162790697675,2.0,6.75
U00020,Na0.75Cu0.5Fe0.5O2,12,950,-1.0,Unsuccessful,0.75,0.5,2.0,0.5,0.0,0.0,2.0,0.87,2.2988505747126435,0.0,9.0,3.0,0.785,3.821656050955414,0.0,5.0,,,,,,,,,,
U00021,Na0.75Cu0.5Mn0.5O2,12,950,1.0,Successful,0.75,0.5,2.0,0.0,0.5,0.0,2.0,0.87,2.2988505747126435,0.0,9.0,,,,,,4.498,0.6583800000000001,6.831920775236186,3.0,2.502,,,,,
U00022,Na0.75Cu0.5Ni0.5O2,12,950,-1.0,Unsuccessful,0.75,0.5,2.0,0.0,0.0,0.5,2.0,0.87,2.2988505747126435,0.0,9.0,,,,,,,,,,,4.0,0.62,6.451612903225807,0.0,6.0
U00023,Na0.75Fe0.5Mn0.5O2,12,950,1.0,Successful,0.75,0.0,2.0,0.5,0.5,0.0,,,,,,3.0,0.785,3.821656050955414,0.0,5.0,3.5,0.7275,4.810996563573883,1.0,3.5,,,,,
U00024,Na0.75Fe0.5Ni0.5O2,12,950,-1.0,Unsuccessful,0.75,0.0,2.0,0.5,0.0,0.5,,,,,,3.0,0.785,3.821656050955414,0.0,5.0,,,,,,3.5,0.6725,5.204460966542751,2.0,6.5
U00025,Na0.75Mn0.5Ni0.5O2,12,950,1.0,Successful,0.75,0.0,2.0,0.0,0.5,0.5,,,,,,,,,,,4.0,0.67,5.970149253731343,0.0,3.0,2.5,0.7775,3.2154340836012865,2.0,7.5
U00026,Na0.75Cu0.3Fe0.3Mn0.3O2,12,950,0.95,Successful,0.75,0.3,2.0,0.3,0.3,0.0,2.0,0.87,2.2988505747126435,0.0,9.0,3.0,0.785,3.821656050955414,0.0,5.0,5.83,0.6273000000000001,9.293798820341143,3.0,1.1700000000000002,,,,,
U00027,Na0.75Cu0.3Fe0.3Ni0.3O2,12,950,-1.0,Unsuccessful,0.75,0.3,2.0,0.3,0.0,0.3,2.0,0.87,2.2988505747126435,0.0,9.0,3.0,0.785,3.821656050955414,0.0,5.0,,,,,,4.0,0.62,6.451612903225807,0.0,6.0
U00028,Na0.75Cu0.3Mn0.3Ni0.3O2,12,950,1.0,Successful,0.75,0.3,2.0,0.0,0.3,0.3,2.0,0.87,2.2988505747126435,0.0,9.0,,,,,,4.83,0.6506333333333335,7.423536041805418,3.0,2.1700000000000004,4.0,0.62,6.451612903225807,0.0,6.0
U00029,Na0.75Fe0.3Mn0.3Ni0.3O2,12,950,1.0,Successful,0.75,0.0,2.0,0.3,0.3,0.3,,,,,,3.0,0.785,3.821656050955414,0.0,5.0,4.0,0.67,5.970149253731343,0.0,3.0,3.833333333333333,0.6375,6.0130718954248366,2.0,6.166666666666666
U00030,Na0.75Cu0.25Fe0.25Mn0.25Ni0.25O2,12,950,1.0,Successful,0.75,0.25,2.0,0.25,0.25,0.25,2.0,0.87,2.2988505747126435,0.0,9.0,3.0,0.785,3.821656050955414,0.0,5.0,4.0,0.67,5.970149253731343,0.0,3.0,4.0,0.62,6.451612903225807,0.0,6.0
U00031,Na0.5CuO2,12,950,-1.0,Unsuccessful,0.5,1.0,2.0,0.0,0.0,0.0,2.0,0.87,2.2988505747126435,0.0,9.0,,,,,,,,,,,,,,,
U00032,Na0.5FeO2,12,950,-1.0,Unsuccessful,0.5,0.0,2.0,1.0,0.0,0.0,,,,,,3.0,0.785,3.821656050955414,0.0,5.0,,,,,,,,,,
U00033,Na0.5MnO2,12,950,0.32,Successful,0.5,0.0,2.0,0.0,1.0,0.0,,,,,,,,,,,3.5,0.7275,4.810996563573883,1.0,3.5,,,,,
U00034,Na0.5NiO2,12,950,-1.0,Unsuccessful,0.5,0.0,2.0,0.0,0.0,1.0,,,,,,,,,,,,,,,,3.5,0.6725,5.204460966542751,2.0,6.5
U00035,Na0.5Cu0.5Fe0.5O2,12,950,-1.0,Unsuccessful,0.5,0.5,2.0,0.5,0.0,0.0,2.0,0.87,2.2988505747126435,0.0,9.0,3.0,0.785,3.821656050955414,0.0,5.0,,,,,,,,,,
U00036,Na0.5Cu0.5Mn0.5O2,12,950,1.0,Successful,0.5,0.5,2.0,0.0,0.5,0.0,2.0,0.87,2.2988505747126435,0.0,9.0,,,,,,5.002000000000001,0.6466200000000001,7.735609786273236,3.0,1.9980000000000002,,,,,
U00037,Na0.5Cu0.5Ni0.5O2,12,950,-1.0,Unsuccessful,0.5,0.5,2.0,0.0,0.0,0.5,2.0,0.87,2.2988505747126435,0.0,9.0,,,,,,,,,,,4.0,0.62,6.451612903225807,0.0,6.0
U00038,Na0.5Fe0.5Mn0.5O2,12,950,1.0,Successful,0.5,0.0,2.0,0.5,0.5,0.0,,,,,,3.0,0.785,3.821656050955414,0.0,5.0,4.0,0.67,5.970149253731343,0.0,3.0,,,,,
U00039,Na0.5Fe0.5Ni0.5O2,12,950,-1.0,Unsuccessful,0.5,0.0,2.0,0.5,0.0,0.5,,,,,,3.0,0.785,3.821656050955414,0.0,5.0,,,,,,4.0,0.62,6.451612903225807,0.0,6.0
U00040,Na0.5Mn0.5Ni0.5O2,12,950,1.0,Successful,0.5,0.0,2.0,0.0,0.5,0.5,,,,,,,,,,,4.0,0.67,5.970149253731343,0.0,3.0,3.0,0.725,4.137931034482759,2.0,7.0
U00041,Na0.5Cu1/3Fe1/3Mn1/3O2,12,950,1.0,Successful,0.5,0.3333333333333333,2.0,0.3333333333333333,0.3333333333333333,0.0,2.0,0.87,2.2988505747126435,0.0,9.0,3.0,0.785,3.821656050955414,0.0,5.0,5.495495495495495,0.6351051051051051,8.652891389663814,3.0,1.5045045045045045,,,,,
U00042,Na0.5Cu1/3Fe1/3Ni1/3O2,12,950,-1.0,Unsuccessful,0.5,0.3333333333333333,2.0,0.3333333333333333,0.0,0.3333333333333333,2.0,0.87,2.2988505747126435,0.0,9.0,3.0,0.785,3.821656050955414,0.0,5.0,,,,,,4.0,0.62,6.451612903225807,0.0,6.0
U00043,Na0.5Cu1/3Mn1/3Ni1/3O2,12,950,1.0,Successful,0.5,0.3333333333333333,2.0,0.0,0.3333333333333333,0.3333333333333333,2.0,0.87,2.2988505747126435,0.0,9.0,,,,,,4.495495495495495,0.6584384384384385,6.827510717869195,3.0,2.5045045045045047,4.0,0.62,6.451612903225807,0.0,6.0
U00044,Na0.5Fe1/3Mn1/3Ni1/3O2,12,950,1.0,Successful,0.5,0.0,2.0,0.3333333333333333,0.3333333333333333,0.3333333333333333,,,,,,3.0,0.785,3.821656050955414,0.0,5.0,4.0,0.67,5.970149253731343,0.0,3.0,3.501501501501501,0.6723423423423424,5.207914600920094,2.0,6.498498498498498
U00045,Na0.5Cu0.25Fe0.25Mn0.25Ni0.25O2,12,950,1.0,Successful,0.5,0.25,2.0,0.25,0.25,0.25,2.0,0.87,2.2988505747126435,0.0,9.0,3.0,0.785,3.821656050955414,0.0,5.0,4.996,0.6467600000000001,7.724658296740676,3.0,2.004,4.0,0.62,6.451612903225807,0.0,6.0
U00046,NaCuO2,6,950,-1.0,Unsuccessful,1.0,1.0,2.0,0.0,0.0,0.0,2.0,0.87,2.2988505747126435,0.0,9.0,,,,,,,,,,,,,,,
U00047,NaFeO2,6,950,-1.0,Unsuccessful,1.0,0.0,2.0,1.0,0.0,0.0,,,,,,3.0,0.785,3.821656050955414,0.0,5.0,,,,,,,,,,
U00048,NaMnO2,6,950,0.81,Successful,1.0,0.0,2.0,0.0,1.0,0.0,,,,,,,,,,,3.0,0.785,3.821656050955414,0.0,4.0,,,,,
U00049,NaNiO2,6,950,-1.0,Unsuccessful,1.0,0.0,2.0,0.0,0.0,1.0,,,,,,,,,,,,,,,,3.0,0.725,4.137931034482759,2.0,7.0
U00050,NaCu0.5Fe0.5O2,6,950,-1.0,Unsuccessful,1.0,0.5,2.0,0.5,0.0,0.0,2.0,0.87,2.2988505747126435,0.0,9.0,3.0,0.785,3.821656050955414,0.0,5.0,,,,,,,,,,
U00051,NaCu0.5Mn0.5O2,6,950,1.0,Successful,1.0,0.5,2.0,0.0,0.5,0.0,2.0,0.87,2.2988505747126435,0.0,9.0,,,,,,4.0,0.67,5.970149253731343,0.0,3.0,,,,,
U00052,NaCu0.5Ni0.5O2,6,950,-1.0,Unsuccessful,1.0,0.5,2.0,0.0,0.0,0.5,2.0,0.87,2.2988505747126435,0.0,9.0,,,,,,,,,,,4.0,0.62,6.451612903225807,0.0,6.0
U00053,NaFe0.5Mn0.5O2,6,950,1.0,Successful,1.0,0.0,2.0,0.5,0.5,0.0,,,,,,3.0,0.785,3.821656050955414,0.0,5.0,3.0,0.785,3.821656050955414,0.0,4.0,,,,,
U00054,NaFe0.5Ni0.5O2,6,950,-1.0,Unsuccessful,1.0,0.0,2.0,0.5,0.0,0.5,,,,,,2.0,0.92,2.1739130434782608,0.0,6.0,,,,,,4.0,0.62,6.451612903225807,0.0,6.0
U00055,NaMn0.5Ni0.5O2,6,950,1.0,Successful,1.0,0.0,2.0,0.0,0.5,0.5,,,,,,,,,,,2.0,0.97,2.061855670103093,0.0,5.0,4.0,0.62,6.451612903225807,0.0,6.0
U00056,NaCu1/3Fe1/3Mn1/3O2,6,950,1.0,Successful,1.0,0.3333333333333333,2.0,0.3333333333333333,0.3333333333333333,0.0,2.0,0.87,2.2988505747126435,0.0,9.0,3.0,0.785,3.821656050955414,0.0,5.0,4.0,0.67,5.970149253731343,0.0,3.0,,,,,
U00057,NaCu1/3Fe1/3Ni1/3O2,6,950,-1.0,Unsuccessful,1.0,0.3333333333333333,2.0,0.3333333333333333,0.0,0.3333333333333333,2.0,0.87,2.2988505747126435,0.0,9.0,3.0,0.785,3.821656050955414,0.0,5.0,,,,,,4.0,0.62,6.451612903225807,0.0,6.0
U00058,NaCu1/3Mn1/3Ni1/3O2,6,950,1.0,Successful,1.0,0.3333333333333333,2.0,0.0,0.3333333333333333,0.3333333333333333,2.0,0.87,2.2988505747126435,0.0,9.0,,,,,,4.0,0.67,5.970149253731343,0.0,3.0,2.9969969969969967,0.7253153153153153,4.131991885066037,2.0,7.003003003003002
U00059,NaFe1/3Mn1/3Ni1/3O2,6,950,0.58,Successful,1.0,0.0,2.0,0.3333333333333333,0.3333333333333333,0.3333333333333333,,,,,,3.0,0.785,3.821656050955414,0.0,5.0,4.0,0.67,5.970149253731343,0.0,3.0,2.0,0.83,2.4096385542168677,0.0,8.0
U00060,NaCu0.25Fe0.25Mn0.25Ni0.25O2,6,950,0.54,Successful,1.0,0.25,2.0,0.25,0.25,0.25,2.0,0.87,2.2988505747126435,0.0,9.0,3.0,0.785,3.821656050955414,0.0,5.0,4.0,0.67,5.970149253731343,0.0,3.0,3.0,0.725,4.137931034482759,2.0,7.0
U00061,Na0.75CuO2,6,950,-1.0,Unsuccessful,0.75,1.0,2.0,0.0,0.0,0.0,2.0,0.87,2.2988505747126435,0.0,9.0,,,,,,,,,,,,,,,
U00062,Na0.75FeO2,6,950,-1.0,Unsuccessful,0.75,0.0,2.0,1.0,0.0,0.0,,,,,,3.0,0.785,3.821656050955414,0.0,5.0,,,,,,,,,,
U00063,Na0.75MnO2,6,950,0.89,Successful,0.75,0.0,2.0,0.0,1.0,0.0,,,,,,,,,,,3.25,0.75625,4.297520661157025,1.0,3.75,,,,,
U00064,Na0.75NiO2,6,950,-1.0,Unsuccessful,0.75,0.0,2.0,0.0,0.0,1.0,,,,,,,,,,,,,,,,3.25,0.69875,4.651162790697675,2.0,6.75
U00065,Na0.75Cu0.5Fe0.5O2,6,950,-1.0,Unsuccessful,0.75,0.5,2.0,0.5,0.0,0.0,2.0,0.87,2.2988505747126435,0.0,9.0,3.0,0.785,3.821656050955414,0.0,5.0,,,,,,,,,,
U00066,Na0.75Cu0.5Mn0.5O2,6,950,1.0,Successful,0.75,0.5,2.0,0.0,0.5,0.0,2.0,0.87,2.2988505747126435,0.0,9.0,,,,,,4.498,0.6583800000000001,6.831920775236186,3.0,2.502,,,,,
U00067,Na0.75Cu0.5Ni0.5O2,6,950,-1.0,Unsuccessful,0.75,0.5,2.0,0.0,0.0,0.5,2.0,0.87,2.2988505747126435,0.0,9.0,,,,,,,,,,,4.0,0.62,6.451612903225807,0.0,6.0
U00068,Na0.75Fe0.5Mn0.5O2,6,950,1.0,Successful,0.75,0.0,2.0,0.5,0.5,0.0,,,,,,3.0,0.785,3.821656050955414,0.0,5.0,3.5,0.7275,4.810996563573883,1.0,3.5,,,,,
U00069,Na0.75Fe0.5Ni0.5O2,6,950,-1.0,Unsuccessful,0.75,0.0,2.0,0.5,0.0,0.5,,,,,,3.0,0.785,3.821656050955414,0.0,5.0,,,,,,3.5,0.6725,5.204460966542751,2.0,6.5
U00070,Na0.75Mn0.5Ni0.5O2,6,950,1.0,Successful,0.75,0.0,2.0,0.0,0.5,0.5,,,,,,,,,,,4.0,0.67,5.970149253731343,0.0,3.0,2.5,0.7775,3.2154340836012865,2.0,7.5
U00071,Na0.75Cu1/3Fe1/3Mn1/3O2,6,950,1.0,Successful,0.75,0.3333333333333333,2.0,0.3333333333333333,0.3333333333333333,0.0,2.0,0.87,2.2988505747126435,0.0,9.0,3.0,0.785,3.821656050955414,0.0,5.0,4.747747747747748,0.6525525525525526,7.275655775425678,3.0,2.2522522522522523,,,,,
U00072,Na0.75Cu1/3Fe1/3Ni1/3O2,6,950,-1.0,Unsuccessful,0.75,0.3333333333333333,2.0,0.3333333333333333,0.0,0.3333333333333333,2.0,0.87,2.2988505747126435,0.0,9.0,3.0,0.785,3.821656050955414,0.0,5.0,,,,,,4.0,0.62,6.451612903225807,0.0,6.0
U00073,Na0.75Cu1/3Mn1/3Ni1/3O2,6,950,1.0,Successful,0.75,0.3333333333333333,2.0,0.0,0.3333333333333333,0.3333333333333333,2.0,0.87,2.2988505747126435,0.0,9.0,,,,,,4.0,0.67,5.970149253731343,0.0,3.0,3.747747747747748,0.6464864864864865,5.797101449275362,2.0,6.252252252252252
U00074,Na0.75Fe1/3Mn1/3Ni1/3O2,6,950,0.83,Successful,0.75,0.0,2.0,0.3333333333333333,0.3333333333333333,0.3333333333333333,,,,,,3.0,0.785,3.821656050955414,0.0,5.0,4.0,0.67,5.970149253731343,0.0,3.0,2.750750750750751,0.7511711711711712,3.6619493083873036,2.0,7.2492492492492495
U00075,Na0.75Cu0.25Fe0.25Mn0.25Ni0.25O2,6,950,0.57,Successful,0.75,0.25,2.0,0.25,0.25,0.25,2.0,0.87,2.2988505747126435,0.0,9.0,3.0,0.785,3.821656050955414,0.0,5.0,4.0,0.67,5.970149253731343,0.0,3.0,4.0,0.62,6.451612903225807,0.0,6.0
U00076,Na0.5CuO2,6,950,-1.0,Unsuccessful,0.5,1.0,2.0,0.0,0.0,0.0,2.0,0.87,2.2988505747126435,0.0,9.0,,,,,,,,,,,,,,,
U00077,Na0.5FeO2,6,950,-1.0,Unsuccessful,0.5,0.0,2.0,1.0,0.0,0.0,,,,,,3.0,0.785,3.821656050955414,0.0,5.0,,,,,,,,,,
U00078,Na0.5MnO2,6,950,0.0,Successful,0.5,0.0,2.0,0.0,1.0,0.0,,,,,,,,,,,3.5,0.7275,4.810996563573883,1.0,3.5,,,,,
U00079,Na0.5NiO2,6,950,-1.0,Unsuccessful,0.5,0.0,2.0,0.0,0.0,1.0,,,,,,,,,,,,,,,,3.5,0.6725,5.204460966542751,2.0,6.5
U00080,Na0.5Cu0.5Fe0.5O2,6,950,-1.0,Unsuccessful,0.5,0.5,2.0,0.5,0.0,0.0,2.0,0.87,2.2988505747126435,0.0,9.0,3.0,0.785,3.821656050955414,0.0,5.0,,,,,,,,,,
U00081,Na0.5Cu0.5Mn0.5O2,6,950,-1.0,Unsuccessful,0.5,0.5,2.0,0.0,0.5,0.0,2.0,0.87,2.2988505747126435,0.0,9.0,,,,,,5.002000000000001,0.6466200000000001,7.735609786273236,3.0,1.9980000000000002,,,,,
U00082,Na0.5Cu0.5Ni0.5O2,6,950,-1.0,Unsuccessful,0.5,0.5,2.0,0.0,0.0,0.5,2.0,0.87,2.2988505747126435,0.0,9.0,,,,,,,,,,,4.0,0.62,6.451612903225807,0.0,6.0
U00083,Na0.5Fe0.5Mn0.5O2,6,950,1.0,Successful,0.5,0.0,2.0,0.5,0.5,0.0,,,,,,3.0,0.785,3.821656050955414,0.0,5.0,4.0,0.67,5.970149253731343,0.0,3.0,,,,,
U00084,Na0.5Fe0.5Ni0.5O2,6,950,-1.0,Unsuccessful,0.5,0.0,2.0,0.5,0.0,0.5,,,,,,3.0,0.785,3.821656050955414,0.0,5.0,,,,,,4.0,0.62,6.451612903225807,0.0,6.0
U00085,Na0.5Mn0.5Ni0.5O2,6,950,1.0,Successful,0.5,0.0,2.0,0.0,0.5,0.5,,,,,,,,,,,4.0,0.67,5.970149253731343,0.0,3.0,3.0,0.725,4.137931034482759,2.0,7.0
U00086,Na0.5Cu0.3Fe0.3Mn0.3O2,6,950,1.0,Successful,0.5,0.3,2.0,0.3,0.3,0.0,2.0,0.87,2.2988505747126435,0.0,9.0,3.0,0.785,3.821656050955414,0.0,5.0,6.67,0.6076999999999999,10.975810432779333,3.0,0.32999999999999996,,,,,
U00087,Na0.5Cu0.3Fe0.3Ni0.3O2,6,950,-1.0,Unsuccessful,0.5,0.3,2.0,0.3,0.0,0.3,2.0,0.87,2.2988505747126435,0.0,9.0,3.0,0.785,3.821656050955414,0.0,5.0,,,,,,4.0,0.62,6.451612903225807,0.0,6.0
U00088,Na0.5Cu0.3Mn0.3Ni0.3O2,6,950,1.0,Successful,0.5,0.3,2.0,0.0,0.3,0.3,2.0,0.87,2.2988505747126435,0.0,9.0,,,,,,5.669999999999999,0.6310333333333332,8.985262268237284,3.0,1.3299999999999998,4.0,0.62,6.451612903225807,0.0,6.0
U00089,Na0.5Fe0.3Mn0.3Ni0.3O2,6,950,1.0,Successful,0.5,0.0,2.0,0.3,0.3,0.3,,,,,,3.0,0.785,3.821656050955414,0.0,5.0,4.669999999999999,0.6543666666666667,7.136671590851203,3.0,2.33,4.0,0.62,6.451612903225807,0.0,6.0
U00090,Na0.5Cu0.25Fe0.25Mn0.25Ni0.25O2,6,950,1.0,Successful,0.5,0.25,2.0,0.25,0.25,0.25,2.0,0.87,2.2988505747126435,0.0,9.0,3.0,0.785,3.821656050955414,0.0,5.0,4.996,0.6467600000000001,7.724658296740676,3.0,2.004,4.0,0.62,6.451612903225807,0.0,6.0
U00091,NaCuO2,3,950,-1.0,Unsuccessful,1.0,1.0,2.0,0.0,0.0,0.0,2.0,0.87,2.2988505747126435,0.0,9.0,,,,,,,,,,,,,,,
U00092,NaFeO2,3,950,-1.0,Unsuccessful,1.0,0.0,2.0,1.0,0.0,0.0,,,,,,3.0,0.785,3.821656050955414,0.0,5.0,,,,,,,,,,
U00093,NaMnO2,3,950,0.58,Successful,1.0,0.0,2.0,0.0,1.0,0.0,,,,,,,,,,,3.0,0.785,3.821656050955414,0.0,4.0,,,,,
U00094,NaNiO2,3,950,-1.0,Unsuccessful,1.0,0.0,2.0,0.0,0.0,1.0,,,,,,,,,,,,,,,,3.0,0.725,4.137931034482759,2.0,7.0
U00095,NaCu0.5Fe0.5O2,3,950,-1.0,Unsuccessful,1.0,0.5,2.0,0.5,0.0,0.0,2.0,0.87,2.2988505747126435,0.0,9.0,3.0,0.785,3.821656050955414,0.0,5.0,,,,,,,,,,
U00096,NaCu0.5Mn0.5O2,3,950,1.0,Successful,1.0,0.5,2.0,0.0,0.5,0.0,2.0,0.87,2.2988505747126435,0.0,9.0,,,,,,4.0,0.67,5.970149253731343,0.0,3.0,,,,,
U00097,NaCu0.5Ni0.5O2,3,950,-1.0,Unsuccessful,1.0,0.5,2.0,0.0,0.0,0.5,2.0,0.87,2.2988505747126435,0.0,9.0,,,,,,,,,,,4.0,0.62,6.451612903225807,0.0,6.0
U00098,NaFe0.5Mn0.5O2,3,950,0.8,Successful,1.0,0.0,2.0,0.5,0.5,0.0,,,,,,3.0,0.785,3.821656050955414,0.0,5.0,3.0,0.785,3.821656050955414,0.0,4.0,,,,,
U00099,NaFe0.5Ni0.5O2,3,950,-1.0,Unsuccessful,1.0,0.0,2.0,0.5,0.0,0.5,,,,,,2.0,0.92,2.1739130434782608,0.0,6.0,,,,,,4.0,0.62,6.451612903225807,0.0,6.0
U00100,NaMn0.5Ni0.5O2,3,950,1.0,Successful,1.0,0.0,2.0,0.0,0.5,0.5,,,,,,,,,,,2.0,0.97,2.061855670103093,0.0,5.0,4.0,0.62,6.451612903225807,0.0,6.0
U00101,NaCu1/3Fe1/3Mn1/3O2,3,950,0.57,Successful,1.0,0.3333333333333333,2.0,0.3333333333333333,0.3333333333333333,0.0,2.0,0.87,2.2988505747126435,0.0,9.0,3.0,0.785,3.821656050955414,0.0,5.0,4.0,0.67,5.970149253731343,0.0,3.0,,,,,
U00102,NaCu1/3Fe1/3Ni1/3O2,3,950,-1.0,Unsuccessful,1.0,0.3333333333333333,2.0,0.3333333333333333,0.0,0.3333333333333333,2.0,0.87,2.2988505747126435,0.0,9.0,3.0,0.785,3.821656050955414,0.0,5.0,,,,,,4.0,0.62,6.451612903225807,0.0,6.0
U00103,NaCu1/3Mn1/3Ni1/3O2,3,950,1.0,Successful,1.0,0.3333333333333333,2.0,0.0,0.3333333333333333,0.3333333333333333,2.0,0.87,2.2988505747126435,0.0,9.0,,,,,,4.0,0.67,5.970149253731343,0.0,3.0,2.9969969969969967,0.7253153153153153,4.131991885066037,2.0,7.003003003003002
U00104,NaFe1/3Mn1/3Ni1/3O2,3,950,0.41,Successful,1.0,0.0,2.0,0.3333333333333333,0.3333333333333333,0.3333333333333333,,,,,,3.0,0.785,3.821656050955414,0.0,5.0,4.0,0.67,5.970149253731343,0.0,3.0,2.0,0.83,2.4096385542168677,0.0,8.0
U00105,NaCu0.25Fe0.25Mn0.25Ni0.25O2,3,950,0.81,Successful,1.0,0.25,2.0,0.25,0.25,0.25,2.0,0.87,2.2988505747126435,0.0,9.0,3.0,0.785,3.821656050955414,0.0,5.0,4.0,0.67,5.970149253731343,0.0,3.0,3.0,0.725,4.137931034482759,2.0,7.0
U00106,Na0.75CuO2,3,950,-1.0,Unsuccessful,0.75,1.0,2.0,0.0,0.0,0.0,2.0,0.87,2.2988505747126435,0.0,9.0,,,,,,,,,,,,,,,
U00107,Na0.75FeO2,3,950,-1.0,Unsuccessful,0.75,0.0,2.0,1.0,0.0,0.0,,,,,,3.0,0.785,3.821656050955414,0.0,5.0,,,,,,,,,,
U00108,Na0.75MnO2,3,950,1.0,Successful,0.75,0.0,2.0,0.0,1.0,0.0,,,,,,,,,,,3.25,0.75625,4.297520661157025,1.0,3.75,,,,,
U00109,Na0.75NiO2,3,950,-1.0,Unsuccessful,0.75,0.0,2.0,0.0,0.0,1.0,,,,,,,,,,,,,,,,3.25,0.69875,4.651162790697675,2.0,6.75
U00110,Na0.75Cu0.5Fe0.5O2,3,950,-1.0,Unsuccessful,0.75,0.5,2.0,0.5,0.0,0.0,2.0,0.87,2.2988505747126435,0.0,9.0,3.0,0.785,3.821656050955414,0.0,5.0,,,,,,,,,,
U00111,Na0.75Cu0.5Mn0.5O2,3,950,1.0,Successful,0.75,0.5,2.0,0.0,0.5,0.0,2.0,0.87,2.2988505747126435,0.0,9.0,,,,,,4.498,0.6583800000000001,6.831920775236186,3.0,2.502,,,,,
U00112,Na0.75Cu0.5Ni0.5O2,3,950,-1.0,Unsuccessful,0.75,0.5,2.0,0.0,0.0,0.5,2.0,0.87,2.2988505747126435,0.0,9.0,,,,,,,,,,,4.0,0.62,6.451612903225807,0.0,6.0
U00113,Na0.75Fe0.5Mn0.5O2,3,950,1.0,Successful,0.75,0.0,2.0,0.5,0.5,0.0,,,,,,3.0,0.785,3.821656050955414,0.0,5.0,3.5,0.7275,4.810996563573883,1.0,3.5,,,,,
U00114,Na0.75Fe0.5Ni0.5O2,3,950,-1.0,Unsuccessful,0.75,0.0,2.0,0.5,0.0,0.5,,,,,,3.0,0.785,3.821656050955414,0.0,5.0,,,,,,3.5,0.6725,5.204460966542751,2.0,6.5
U00115,Na0.75Mn0.5Ni0.5O2,3,950,1.0,Successful,0.75,0.0,2.0,0.0,0.5,0.5,,,,,,,,,,,4.0,0.67,5.970149253731343,0.0,3.0,2.5,0.7775,3.2154340836012865,2.0,7.5
U00116,Na0.75Cu1/3Fe1/3Mn1/3O2,3,950,0.8,Successful,0.75,0.3333333333333333,2.0,0.3333333333333333,0.3333333333333333,0.0,2.0,0.87,2.2988505747126435,0.0,9.0,3.0,0.785,3.821656050955414,0.0,5.0,4.747747747747748,0.6525525525525526,7.275655775425678,3.0,2.2522522522522523,,,,,
U00117,Na0.75Cu1/3Fe1/3Ni1/3O2,3,950,-1.0,Unsuccessful,0.75,0.3333333333333333,2.0,0.3333333333333333,0.0,0.3333333333333333,2.0,0.87,2.2988505747126435,0.0,9.0,3.0,0.785,3.821656050955414,0.0,5.0,,,,,,4.0,0.62,6.451612903225807,0.0,6.0
U00118,Na0.75Cu1/3Mn1/3Ni1/3O2,3,950,1.0,Successful,0.75,0.3333333333333333,2.0,0.0,0.3333333333333333,0.3333333333333333,2.0,0.87,2.2988505747126435,0.0,9.0,,,,,,4.0,0.67,5.970149253731343,0.0,3.0,3.747747747747748,0.6464864864864865,5.797101449275362,2.0,6.252252252252252
U00119,Na0.75Fe1/3Mn1/3Ni1/3O2,3,950,0.75,Successful,0.75,0.0,2.0,0.3333333333333333,0.3333333333333333,0.3333333333333333,,,,,,3.0,0.785,3.821656050955414,0.0,5.0,4.0,0.67,5.970149253731343,0.0,3.0,2.750750750750751,0.7511711711711712,3.6619493083873036,2.0,7.2492492492492495
U00120,Na0.75Cu0.25Fe0.25Mn0.25Ni0.25O2,3,950,-1.0,Unsuccessful,0.75,0.25,2.0,0.25,0.25,0.25,2.0,0.87,2.2988505747126435,0.0,9.0,3.0,0.785,3.821656050955414,0.0,5.0,4.0,0.67,5.970149253731343,0.0,3.0,4.0,0.62,6.451612903225807,0.0,6.0
U00121,Na0.5CuO2,3,950,-1.0,Unsuccessful,0.5,1.0,2.0,0.0,0.0,0.0,2.0,0.87,2.2988505747126435,0.0,9.0,,,,,,,,,,,,,,,
U00122,Na0.5FeO2,3,950,-1.0,Unsuccessful,0.5,0.0,2.0,1.0,0.0,0.0,,,,,,3.0,0.785,3.821656050955414,0.0,5.0,,,,,,,,,,
U00123,Na0.5MnO2,3,950,-1.0,Unsuccessful,0.5,0.0,2.0,0.0,1.0,0.0,,,,,,,,,,,3.5,0.7275,4.810996563573883,1.0,3.5,,,,,
U00124,Na0.5NiO2,3,950,-1.0,Unsuccessful,0.5,0.0,2.0,0.0,0.0,1.0,,,,,,,,,,,,,,,,3.5,0.6725,5.204460966542751,2.0,6.5
U00125,Na0.5Cu0.5Fe0.5O2,3,950,-1.0,Unsuccessful,0.5,0.5,2.0,0.5,0.0,0.0,2.0,0.87,2.2988505747126435,0.0,9.0,3.0,0.785,3.821656050955414,0.0,5.0,,,,,,,,,,
U00126,Na0.5Cu0.5Mn0.5O2,3,950,1.0,Successful,0.5,0.5,2.0,0.0,0.5,0.0,2.0,0.87,2.2988505747126435,0.0,9.0,,,,,,5.002000000000001,0.6466200000000001,7.735609786273236,3.0,1.9980000000000002,,,,,
U00127,Na0.5Cu0.5Ni0.5O2,3,950,-1.0,Unsuccessful,0.5,0.5,2.0,0.0,0.0,0.5,2.0,0.87,2.2988505747126435,0.0,9.0,,,,,,,,,,,4.0,0.62,6.451612903225807,0.0,6.0
U00128,Na0.5Fe0.5Mn0.5O2,3,950,1.0,Successful,0.5,0.0,2.0,0.5,0.5,0.0,,,,,,3.0,0.785,3.821656050955414,0.0,5.0,4.0,0.67,5.970149253731343,0.0,3.0,,,,,
U00129,Na0.5Fe0.5Ni0.5O2,3,950,-1.0,Unsuccessful,0.5,0.0,2.0,0.5,0.0,0.5,,,,,,3.0,0.785,3.821656050955414,0.0,5.0,,,,,,4.0,0.62,6.451612903225807,0.0,6.0
U00130,Na0.5Mn0.5Ni0.5O2,3,950,-1.0,Unsuccessful,0.5,0.0,2.0,0.0,0.5,0.5,,,,,,,,,,,4.0,0.67,5.970149253731343,0.0,3.0,3.0,0.725,4.137931034482759,2.0,7.0
U00131,Na0.5Cu1/3Fe1/3Mn1/3O2,3,950,1.0,Successful,0.5,0.3333333333333333,2.0,0.3333333333333333,0.3333333333333333,0.0,2.0,0.87,2.2988505747126435,0.0,9.0,3.0,0.785,3.821656050955414,0.0,5.0,5.495495495495495,0.6351051051051051,8.652891389663814,3.0,1.5045045045045045,,,,,
U00132,Na0.5Cu1/3Fe1/3Ni1/3O2,3,950,-1.0,Unsuccessful,0.5,0.3333333333333333,2.0,0.3333333333333333,0.0,0.3333333333333333,2.0,0.87,2.2988505747126435,0.0,9.0,3.0,0.785,3.821656050955414,0.0,5.0,,,,,,4.0,0.62,6.451612903225807,0.0,6.0
U00133,Na0.5Cu1/3Mn1/3Ni1/3O2,3,950,1.0,Successful,0.5,0.3333333333333333,2.0,0.0,0.3333333333333333,0.3333333333333333,2.0,0.87,2.2988505747126435,0.0,9.0,,,,,,4.495495495495495,0.6584384384384385,6.827510717869195,3.0,2.5045045045045047,4.0,0.62,6.451612903225807,0.0,6.0
U00134,Na0.5Fe1/3Mn1/3Ni1/3O2,3,950,1.0,Successful,0.5,0.0,2.0,0.3333333333333333,0.3333333333333333,0.3333333333333333,,,,,,3.0,0.785,3.821656050955414,0.0,5.0,4.0,0.67,5.970149253731343,0.0,3.0,3.501501501501501,0.6723423423423424,5.207914600920094,2.0,6.498498498498498
U00135,Na0.5Cu0.25Fe0.25Mn0.25Ni0.25O2,3,950,1.0,Successful,0.5,0.25,2.0,0.25,0.25,0.25,2.0,0.87,2.2988505747126435,0.0,9.0,3.0,0.785,3.821656050955414,0.0,5.0,4.996,0.6467600000000001,7.724658296740676,3.0,2.004,4.0,0.62,6.451612903225807,0.0,6.0
U00136,NaMn2/3Cu1/6Fe1/6O2,12,950,1.0,Successful,1.0,0.16666666666666666,2.0,0.16666666666666666,0.6666666666666666,0.0,2.0,0.87,2.2988505747126435,0.0,9.0,3.0,0.785,3.821656050955414,0.0,5.0,3.2503748125937033,0.7562068965517241,4.2982612660837844,1.0,3.7496251874062967,,,,,
U00137,NaNi2/3Fe1/6Cu1/6O2,12,950,-1.0,Unsuccessful,1.0,0.16666666666666666,2.0,0.16666666666666666,0.0,0.6666666666666666,1.0,0.91,1.0989010989010988,0.0,10.0,2.0,0.92,2.1739130434782608,0.0,6.0,,,,,,3.7511244377811095,0.6461319340329835,5.805508504072209,2.0,6.24887556221889
U00138,NaMn2/3Ni1/6Cu1/6O2,12,950,1.0,Successful,1.0,0.16666666666666666,2.0,0.0,0.6666666666666666,0.16666666666666666,2.0,0.87,2.2988505747126435,0.0,9.0,,,,,,3.500749625187406,0.7274137931034483,4.81259725671651,1.0,3.499250374812594,2.0,0.83,2.4096385542168677,0.0,8.0
U00139,NaMn2/3Fe1/6Ni1/6O2,12,950,1.0,Successful,1.0,0.0,2.0,0.16666666666666666,0.6666666666666666,0.16666666666666666,,,,,,3.0,0.785,3.821656050955414,0.0,5.0,3.2503748125937033,0.7562068965517241,4.2982612660837844,1.0,3.7496251874062967,2.0,0.83,2.4096385542168677,0.0,8.0
U00140,NaFe2/3Cu1/6Mn1/6O2,12,950,0.0,Successful,1.0,0.16666666666666666,2.0,0.6666666666666666,0.16666666666666666,0.0,2.0,0.87,2.2988505747126435,0.0,9.0,3.0,0.785,3.821656050955414,0.0,5.0,4.0,0.67,5.970149253731343,0.0,3.0,,,,,
U00141,NaFe2/3Cu1/6Ni1/6O2,12,950,-1.0,Unsuccessful,1.0,0.16666666666666666,2.0,0.6666666666666666,0.0,0.16666666666666666,2.0,0.87,2.2988505747126435,0.0,9.0,3.0,0.785,3.821656050955414,0.0,5.0,,,,,,4.0,0.62,6.451612903225807,0.0,6.0
U00142,NaNi2/3Cu1/6Mn1/6O2,12,950,0.0,Successful,1.0,0.16666666666666666,2.0,0.0,0.16666666666666666,0.6666666666666666,1.0,0.91,1.0989010989010988,0.0,10.0,,,,,,2.0,0.97,2.061855670103093,0.0,5.0,3.7511244377811095,0.6461319340329835,5.805508504072209,2.0,6.24887556221889
U00143,NaFe2/3Ni1/6Mn1/6O2,12,950,-1.0,Unsuccessful,1.0,0.0,2.0,0.6666666666666666,0.16666666666666666,0.16666666666666666,,,,,,3.0,0.785,3.821656050955414,0.0,5.0,4.0,0.67,5.970149253731343,0.0,3.0,2.0,0.83,2.4096385542168677,0.0,8.0
U00144,NaCu2/3Fe1/6Mn1/6O2,12,950,0.72,Successful,1.0,0.6666666666666666,2.0,0.16666666666666666,0.16666666666666666,0.0,2.0,0.87,2.2988505747126435,0.0,9.0,3.0,0.785,3.821656050955414,0.0,5.0,7.0,0.6,11.666666666666668,0.0,0.0,,,,,
U00145,NaCu2/3Ni1/6Fe1/6O2,12,950,-1.0,Unsuccessful,1.0,0.6666666666666666,2.0,0.16666666666666666,0.0,0.16666666666666666,2.0,0.87,2.2988505747126435,0.0,9.0,3.0,0.785,3.821656050955414,0.0,5.0,,,,,,4.0,0.62,6.451612903225807,0.0,6.0
U00146,NaCu2/3Ni1/6Mn1/6O2,12,950,1.0,Successful,1.0,0.6666666666666666,2.0,0.0,0.16666666666666666,0.16666666666666666,2.0,0.87,2.2988505747126435,0.0,9.0,,,,,,5.994011976047904,0.6234730538922155,9.613907030349598,3.0,1.0059880239520957,4.0,0.62,6.451612903225807,0.0,6.0
U00147,NaNi2/3Fe1/6Mn1/6O2,12,950,0.0,Successful,1.0,0.0,2.0,0.16666666666666666,0.16666666666666666,0.6666666666666666,,,,,,2.0,0.92,2.1739130434782608,0.0,6.0,2.0,0.97,2.061855670103093,0.0,5.0,3.499250374812594,0.6725787106446777,5.2027373442411005,2.0,6.500749625187407
U00148,NaCu2/3Ni1/9Mn1/9Fe1/9O2,12,950,0.0,Successful,1.0,0.6666666666666666,2.0,0.1111111111111111,0.1111111111111111,0.1111111111111111,2.0,0.87,2.2988505747126435,0.0,9.0,3.0,0.785,3.821656050955414,0.0,5.0,7.0,0.6,11.666666666666668,0.0,0.0,4.0,0.62,6.451612903225807,0.0,6.0
U00149,NaFe2/3Cu1/9Mn1/9Ni1/9O2,12,950,0.0,Successful,1.0,0.1111111111111111,2.0,0.6666666666666666,0.1111111111111111,0.1111111111111111,2.0,0.87,2.2988505747126435,0.0,9.0,3.0,0.785,3.821656050955414,0.0,5.0,4.0,0.67,5.970149253731343,0.0,3.0,2.990990990990991,0.725945945945946,4.120129064283941,2.0,7.009009009009009
U00150,NaNi2/3Fe1/9Cu1/9Mn1/9O2,12,950,0.0,Successful,1.0,0.1111111111111111,2.0,0.1111111111111111,0.1111111111111111,0.6666666666666666,1.0,0.91,1.0989010989010988,0.0,10.0,2.0,0.92,2.1739130434782608,0.0,6.0,2.0,0.97,2.061855670103093,0.0,5.0,3.6671664167916043,0.6549475262368816,5.5991759185074965,2.0,6.332833583208396
U00151,NaMn2/3Cu1/9Fe1/9Ni1/9O2,12,950,1.0,Successful,1.0,0.1111111111111111,2.0,0.1111111111111111,0.6666666666666666,0.1111111111111111,2.0,0.87,2.2988505747126435,0.0,9.0,3.0,0.785,3.821656050955414,0.0,5.0,3.3343328335832085,0.746551724137931,4.466311878702681,1.0,3.665667166416792,2.0,0.83,2.4096385542168677,0.0,8.0
U00152,NaMn1/9Cu8/27Fe8/27Ni8/27O2,12,950,-1.0,Unsuccessful,1.0,0.2962962962962963,2.0,0.2962962962962963,0.1111111111111111,0.2962962962962963,2.0,0.87,2.2988505747126435,0.0,9.0,3.0,0.785,3.821656050955414,0.0,5.0,4.0,0.67,5.970149253731343,0.0,3.0,3.621621621621622,0.6597297297297297,5.489553461696027,2.0,6.378378378378378
U00153,NaNi1/9Cu8/27Fe8/27Mn8/27O2,12,950,0.81,Successful,1.0,0.2962962962962963,2.0,0.2962962962962963,0.2962962962962963,0.1111111111111111,2.0,0.87,2.2988505747126435,0.0,9.0,3.0,0.785,3.821656050955414,0.0,5.0,4.0,0.67,5.970149253731343,0.0,3.0,2.990990990990991,0.725945945945946,4.120129064283941,2.0,7.009009009009009
U00154,NaFe1/9Mn8/27Cu8/27Ni8/27O2,12,950,1.0,Successful,1.0,0.2962962962962963,2.0,0.1111111111111111,0.2962962962962963,0.2962962962962963,2.0,0.87,2.2988505747126435,0.0,9.0,3.0,0.785,3.821656050955414,0.0,5.0,4.0,0.67,5.970149253731343,0.0,3.0,3.0,0.725,4.137931034482759,2.0,7.000000000000001
U00155,NaCu1/9Mn8/27Fe8/27Ni8/27O2,12,950,0.92,Successful,1.0,0.1111111111111111,2.0,0.2962962962962963,0.2962962962962963,0.2962962962962963,2.0,0.87,2.2988505747126435,0.0,9.0,3.0,0.785,3.821656050955414,0.0,5.0,4.0,0.67,5.970149253731343,0.0,3.0,2.3716216216216215,0.7909797297297297,2.9983342587451416,2.0,7.628378378378379
U00156,NaFe7/18Ni7/18Cu1/9Mn1/9O2,12,950,-1.0,Unsuccessful,1.0,0.1111111111111111,2.0,0.3888888888888889,0.1111111111111111,0.3888888888888889,2.0,0.87,2.2988505747126435,0.0,9.0,3.0,0.785,3.821656050955414,0.0,5.0,4.0,0.67,5.970149253731343,0.0,3.0,3.002570694087404,0.7247300771208226,4.143019296254257,2.0,6.997429305912596
U00157,NaCu7/18Ni7/18Fe1/9Mn1/9O2,12,950,-1.0,Unsuccessful,1.0,0.3888888888888889,2.0,0.1111111111111111,0.1111111111111111,0.3888888888888889,2.0,0.87,2.2988505747126435,0.0,9.0,3.0,0.785,3.821656050955414,0.0,5.0,4.0,0.67,5.970149253731343,0.0,3.0,3.712082262210797,0.6502313624678663,5.708863762157034,2.0,6.287917737789203
U00158,NaFe7/18Mn7/18Cu1/9Ni1/9O2,12,950,0.78,Successful,1.0,0.1111111111111111,2.0,0.3888888888888889,0.3888888888888889,0.1111111111111111,2.0,0.87,2.2988505747126435,0.0,9.0,3.0,0.785,3.821656050955414,0.0,5.0,3.570694087403599,0.7193701799485862,4.963639287437239,1.0,3.429305912596401,2.0,0.83,2.4096385542168677,0.0,8.0
U00159,NaCu7/18Fe7/18Mn1/9Ni1/9O2,12,950,0.17,Successful,1.0,0.3888888888888889,2.0,0.3888888888888889,0.1111111111111111,0.1111111111111111,2.0,0.87,2.2988505747126435,0.0,9.0,3.0,0.785,3.821656050955414,0.0,5.0,5.486486486486486,0.6353153153153153,8.63584798638684,3.0,1.5135135135135136,4.0,0.62,6.451612903225807,0.0,6.0
U00160,NaMn7/18Ni7/18Fe1/9Cu1/9O2,12,950,1.0,Successful,1.0,0.1111111111111111,2.0,0.1111111111111111,0.3888888888888889,0.3888888888888889,2.0,0.87,2.2988505747126435,0.0,9.0,3.0,0.785,3.821656050955414,0.0,5.0,4.0,0.67,5.970149253731343,0.0,3.0,2.2879177377892033,0.7997686375321337,2.8607245025875097,2.0,7.712082262210797
U00161,NaCu7/18Mn7/18Fe1/9Ni1/9O2,12,950,1.0,Successful,1.0,0.3888888888888889,2.0,0.1111111111111111,0.3888888888888889,0.1111111111111111,2.0,0.87,2.2988505747126435,0.0,9.0,3.0,0.785,3.821656050955414,0.0,5.0,4.0,0.67,5.970149253731343,0.0,3.0,2.990990990990991,0.725945945945946,4.120129064283941,2.0,7.009009009009009
U00162,Na0.75Mn2/3Cu1/6Fe1/6O2,12,950,1.0,Successful,0.75,0.16666666666666666,2.0,0.16666666666666666,0.6666666666666666,0.0,2.0,0.87,2.2988505747126435,0.0,9.0,3.0,0.785,3.821656050955414,0.0,5.0,3.6251874062968517,0.7131034482758621,5.083676730300227,1.0,3.374812593703148,,,,,
U00163,Na0.75Ni2/3Fe1/6Cu1/6O2,12,950,-1.0,Unsuccessful,0.75,0.16666666666666666,2.0,0.16666666666666666,0.0,0.6666666666666666,2.0,0.87,2.2988505747126435,0.0,9.0,3.0,0.785,3.821656050955414,0.0,5.0,,,,,,3.6251874062968517,0.6593553223388305,5.4980786284363,2.0,6.374812593703149
U00164,Na0.75Mn2/3Ni1/6Cu1/6O2,12,950,1.0,Successful,0.75,0.16666666666666666,2.0,0.0,0.6666666666666666,0.16666666666666666,2.0,0.87,2.2988505747126435,0.0,9.0,,,,,,3.875562218890555,0.6843103448275863,5.663457009212702,1.0,3.124437781109445,2.0,0.83,2.4096385542168677,0.0,8.0
U00165,Na0.75Mn2/3Fe1/6Ni1/6O2,12,950,1.0,Successful,0.75,0.0,2.0,0.16666666666666666,0.6666666666666666,0.16666666666666666,,,,,,3.0,0.785,3.821656050955414,0.0,5.0,3.6251874062968517,0.7131034482758621,5.083676730300227,1.0,3.374812593703148,2.0,0.83,2.4096385542168677,0.0,8.0
U00166,Na0.75Fe2/3Cu1/6Mn1/6O2,12,950,0.43,Successful,0.75,0.16666666666666666,2.0,0.6666666666666666,0.16666666666666666,0.0,2.0,0.87,2.2988505747126435,0.0,9.0,3.0,0.785,3.821656050955414,0.0,5.0,5.5089820359281445,0.6347904191616767,8.678426563531744,3.0,1.4910179640718562,,,,,
U00167,Na0.75Fe2/3Cu1/6Ni1/6O2,12,950,-1.0,Unsuccessful,0.75,0.16666666666666666,2.0,0.6666666666666666,0.0,0.16666666666666666,2.0,0.87,2.2988505747126435,0.0,9.0,3.0,0.785,3.821656050955414,0.0,5.0,,,,,,4.0,0.62,6.451612903225807,0.0,6.0
U00168,Na0.75Ni2/3Cu1/6Mn1/6O2,12,950,1.0,Successful,0.75,0.16666666666666666,2.0,0.0,0.16666666666666666,0.6666666666666666,2.0,0.87,2.2988505747126435,0.0,9.0,,,,,,4.0,0.67,5.970149253731343,0.0,3.0,3.376311844077961,0.685487256371814,4.925418835571499,2.0,6.623688155922038
U00169,Na0.75Fe2/3Ni1/6Mn1/6O2,12,950,-1.0,Unsuccessful,0.75,0.0,2.0,0.6666666666666666,0.16666666666666666,0.16666666666666666,,,,,,3.0,0.785,3.821656050955414,0.0,5.0,4.0,0.67,5.970149253731343,0.0,3.0,3.4970059880239517,0.672814371257485,5.197579209683161,2.0,6.502994011976048
U00170,Na0.75Cu2/3Fe1/6Mn1/6O2,12,950,1.0,Successful,0.75,0.6666666666666666,2.0,0.16666666666666666,0.16666666666666666,0.0,2.0,0.87,2.2988505747126435,0.0,9.0,3.0,0.785,3.821656050955414,0.0,5.0,7.0,0.6,11.666666666666668,0.0,0.0,,,,,
U00171,Na0.75Cu2/3Ni1/6Fe1/6O2,12,950,-1.0,Unsuccessful,0.75,0.6666666666666666,2.0,0.16666666666666666,0.0,0.16666666666666666,2.0,0.87,2.2988505747126435,0.0,9.0,3.0,0.785,3.821656050955414,0.0,5.0,,,,,,4.0,0.62,6.451612903225807,0.0,6.0
U00172,Na0.75Cu2/3Ni1/6Mn1/6O2,12,950,1.0,Successful,0.75,0.6666666666666666,2.0,0.0,0.16666666666666666,0.16666666666666666,2.0,0.87,2.2988505747126435,0.0,9.0,,,,,,7.0,0.6,11.666666666666668,0.0,0.0,4.0,0.62,6.451612903225807,0.0,6.0
U00173,Na0.75Ni2/3Fe1/6Mn1/6O2,12,950,0.0,Successful,0.75,0.0,2.0,0.16666666666666666,0.16666666666666666,0.6666666666666666,,,,,,2.0,0.92,2.1739130434782608,0.0,6.0,2.0,0.97,2.061855670103093,0.0,5.0,3.874062968515742,0.633223388305847,6.118003598825647,2.0,6.125937031484258
U00174,Na0.75Cu2/3Ni1/9Mn1/9Fe1/9O2,12,950,1.0,Successful,0.75,0.6666666666666666,2.0,0.1111111111111111,0.1111111111111111,0.1111111111111111,2.0,0.87,2.2988505747126435,0.0,9.0,3.0,0.785,3.821656050955414,0.0,5.0,7.0,0.6,11.666666666666668,0.0,0.0,4.0,0.62,6.451612903225807,0.0,6.0
U00175,Na0.75Fe2/3Cu1/9Mn1/9Ni1/9O2,12,950,0.0,Successful,0.75,0.1111111111111111,2.0,0.6666666666666666,0.1111111111111111,0.1111111111111111,2.0,0.87,2.2988505747126435,0.0,9.0,3.0,0.785,3.821656050955414,0.0,5.0,5.243243243243244,0.640990990990991,8.179901616303585,3.0,1.7567567567567568,4.0,0.62,6.451612903225807,0.0,6.0
U00176,Na0.75Ni2/3Fe1/9Cu1/9Mn1/9O2,12,950,0.6,Successful,0.75,0.1111111111111111,2.0,0.1111111111111111,0.1111111111111111,0.6666666666666666,2.0,0.87,2.2988505747126435,0.0,9.0,3.0,0.785,3.821656050955414,0.0,5.0,4.0,0.67,5.970149253731343,0.0,3.0,3.376311844077961,0.685487256371814,4.925418835571499,2.0,6.623688155922038
U00177,Na0.75Mn2/3Cu1/9Fe1/9Ni1/9O2,12,950,1.0,Successful,0.75,0.1111111111111111,2.0,0.1111111111111111,0.6666666666666666,0.1111111111111111,2.0,0.87,2.2988505747126435,0.0,9.0,3.0,0.785,3.821656050955414,0.0,5.0,3.709145427286357,0.703448275862069,5.272804774083546,1.0,3.2908545727136436,2.0,0.83,2.4096385542168677,0.0,8.0
U00178,Na0.75Mn1/9Cu8/27Fe8/27Ni8/27O2,12,950,0.92,Successful,0.75,0.2962962962962963,2.0,0.2962962962962963,0.1111111111111111,0.2962962962962963,2.0,0.87,2.2988505747126435,0.0,9.0,3.0,0.785,3.821656050955414,0.0,5.0,5.243243243243244,0.640990990990991,8.179901616303585,3.0,1.7567567567567568,4.0,0.62,6.451612903225807,0.0,6.0
U00179,Na0.75Ni1/9Cu8/27Fe8/27Mn8/27O2,12,950,0.82,Successful,0.75,0.2962962962962963,2.0,0.2962962962962963,0.2962962962962963,0.1111111111111111,2.0,0.87,2.2988505747126435,0.0,9.0,3.0,0.785,3.821656050955414,0.0,5.0,4.466216216216217,0.6591216216216217,6.776012301383906,3.0,2.5337837837837838,4.0,0.62,6.451612903225807,0.0,6.0
U00180,Na0.75Fe1/9Mn8/27Cu8/27Ni8/27O2,12,950,1.0,Successful,0.75,0.2962962962962963,2.0,0.1111111111111111,0.2962962962962963,0.2962962962962963,2.0,0.87,2.2988505747126435,0.0,9.0,3.0,0.785,3.821656050955414,0.0,5.0,4.0,0.67,5.970149253731343,0.0,3.0,3.8445945945945943,0.6363175675675675,6.041943190868064,2.0,6.155405405405404
U00181,Na0.75Cu1/9Mn8/27Fe8/27Ni8/27O2,12,950,1.0,Successful,0.75,0.1111111111111111,2.0,0.2962962962962963,0.2962962962962963,0.2962962962962963,2.0,0.87,2.2988505747126435,0.0,9.0,3.0,0.785,3.821656050955414,0.0,5.0,4.0,0.67,5.970149253731343,0.0,3.0,3.2162162162162162,0.7022972972972974,4.579565133730998,2.0,6.783783783783784
U00182,Na0.75Fe7/18Ni7/18Cu1/9Mn1/9O2,12,950,0.78,Successful,0.75,0.1111111111111111,2.0,0.3888888888888889,0.1111111111111111,0.3888888888888889,2.0,0.87,2.2988505747126435,0.0,9.0,3.0,0.785,3.821656050955414,0.0,5.0,4.0,0.67,5.970149253731343,0.0,3.0,3.6452442159383036,0.6572493573264782,5.546211913795127,2.0,6.354755784061696
U00183,Na0.75Cu7/18Ni7/18Fe1/9Mn1/9O2,12,950,-1.0,Unsuccessful,0.75,0.3888888888888889,2.0,0.1111111111111111,0.1111111111111111,0.3888888888888889,2.0,0.87,2.2988505747126435,0.0,9.0,3.0,0.785,3.821656050955414,0.0,5.0,5.243243243243244,0.640990990990991,8.179901616303585,3.0,1.7567567567567568,4.0,0.62,6.451612903225807,0.0,6.0
U00184,Na0.75Fe7/18Mn7/18Cu1/9Ni1/9O2,12,950,0.92,Successful,0.75,0.1111111111111111,2.0,0.3888888888888889,0.3888888888888889,0.1111111111111111,2.0,0.87,2.2988505747126435,0.0,9.0,3.0,0.785,3.821656050955414,0.0,5.0,4.0,0.67,5.970149253731343,0.0,3.0,2.756756756756757,0.7505405405405404,3.6730284479654314,2.0,7.243243243243243
U00185,Na0.75Cu7/18Fe7/18Mn1/9Ni1/9O2,12,950,0.7,Successful,0.75,0.3888888888888889,2.0,0.3888888888888889,0.1111111111111111,0.1111111111111111,2.0,0.87,2.2988505747126435,0.0,9.0,3.0,0.785,3.821656050955414,0.0,5.0,7.0,0.6,11.666666666666668,0.0,0.0,4.0,0.62,6.451612903225807,0.0,6.0
U00186,Na0.75Mn7/18Ni7/18Fe1/9Cu1/9O2,12,950,1.0,Successful,0.75,0.1111111111111111,2.0,0.1111111111111111,0.3888888888888889,0.3888888888888889,2.0,0.87,2.2988505747126435,0.0,9.0,3.0,0.785,3.821656050955414,0.0,5.0,4.0,0.67,5.970149253731343,0.0,3.0,2.9305912596401025,0.7322879177377892,4.001965877975145,2.0,7.069408740359897
U00187,Na0.75Cu7/18Mn7/18Fe1/9Ni1/9O2,12,950,1.0,Successful,0.75,0.3888888888888889,2.0,0.1111111111111111,0.3888888888888889,0.1111111111111111,2.0,0.87,2.2988505747126435,0.0,9.0,3.0,0.785,3.821656050955414,0.0,5.0,4.354755784061697,0.6617223650385604,6.580940911386505,3.0,2.6452442159383036,4.0,0.62,6.451612903225807,0.0,6.0
U00188,Na0.5Mn2/3Cu1/6Fe1/6O2,12,950,1.0,Successful,0.5,0.16666666666666666,2.0,0.16666666666666666,0.6666666666666666,0.0,2.0,0.87,2.2988505747126435,0.0,9.0,3.0,0.785,3.821656050955414,0.0,5.0,4.0,0.67,5.970149253731343,0.0,3.0000000000000004,,,,,
U00189,Na0.5Ni2/3Fe1/6Cu1/6O2,12,950,-1.0,Unsuccessful,0.5,0.16666666666666666,2.0,0.16666666666666666,0.0,0.6666666666666666,2.0,0.87,2.2988505747126435,0.0,9.0,3.0,0.785,3.821656050955414,0.0,5.0,,,,,,4.0,0.62,6.451612903225807,0.0,6.000000000000001
U00190,Na0.5Mn2/3Ni1/6Cu1/6O2,12,950,1.0,Successful,0.5,0.16666666666666666,2.0,0.0,0.6666666666666666,0.16666666666666666,2.0,0.87,2.2988505747126435,0.0,9.0,,,,,,4.0,0.67,5.970149253731343,0.0,3.0000000000000004,3.0059880239520957,0.72437125748503,4.149789203934859,2.0,6.994011976047904
U00191,Na0.5Mn2/3Fe1/6Ni1/6O2,12,950,1.0,Successful,0.5,0.0,2.0,0.16666666666666666,0.6666666666666666,0.16666666666666666,,,,,,3.0,0.785,3.821656050955414,0.0,5.0,4.0,0.67,5.970149253731343,0.0,3.0000000000000004,2.0,0.83,2.4096385542168677,0.0,8.0
U00192,Na0.5Fe2/3Cu1/6Mn1/6O2,12,950,0.0,Successful,0.5,0.16666666666666666,2.0,0.6666666666666666,0.16666666666666666,0.0,2.0,0.87,2.2988505747126435,0.0,9.0,3.0,0.785,3.821656050955414,0.0,5.0,7.0,0.6,11.666666666666668,0.0,0.0,,,,,
U00193,Na0.5Fe2/3Cu1/6Ni1/6O2,12,950,-1.0,Unsuccessful,0.5,0.16666666666666666,2.0,0.6666666666666666,0.0,0.16666666666666666,2.0,0.87,2.2988505747126435,0.0,9.0,3.0,0.785,3.821656050955414,0.0,5.0,,,,,,4.0,0.62,6.451612903225807,0.0,6.0
U00194,Na0.5Ni2/3Cu1/6Mn1/6O2,12,950,1.0,Successful,0.5,0.16666666666666666,2.0,0.0,0.16666666666666666,0.6666666666666666,2.0,0.87,2.2988505747126435,0.0,9.0,,,,,,4.0,0.67,5.970149253731343,0.0,3.0,3.7511244377811095,0.6461319340329835,5.805508504072209,2.0,6.24887556221889
U00195,Na0.5Fe2/3Ni1/6Mn1/6O2,12,950,0.0,Successful,0.5,0.0,2.0,0.6666666666666666,0.16666666666666666,0.16666666666666666,,,,,,3.0,0.785,3.821656050955414,0.0,5.0,5.005988023952096,0.6465269461077845,7.742891543947392,3.0,1.9940119760479043,4.0,0.62,6.451612903225807,0.0,6.0
U00196,Na0.5Cu2/3Fe1/6Mn1/6O2,12,950,0.0,Successful,0.5,0.6666666666666666,2.0,0.16666666666666666,0.16666666666666666,0.0,2.0,0.87,2.2988505747126435,0.0,9.0,3.0,0.785,3.821656050955414,0.0,5.0,7.0,0.6,11.666666666666668,0.0,0.0,,,,,
U00197,Na0.5Cu2/3Ni1/6Fe1/6O2,12,950,-1.0,Unsuccessful,0.5,0.6666666666666666,2.0,0.16666666666666666,0.0,0.16666666666666666,2.0,0.87,2.2988505747126435,0.0,9.0,3.0,0.785,3.821656050955414,0.0,5.0,,,,,,4.0,0.62,6.451612903225807,0.0,6.0
U00198,Na0.5Cu2/3Ni1/6Mn1/6O2,12,950,1.0,Successful,0.5,0.6666666666666666,2.0,0.0,0.16666666666666666,0.16666666666666666,2.0,0.87,2.2988505747126435,0.0,9.0,,,,,,7.0,0.6,11.666666666666668,0.0,0.0,4.0,0.62,6.451612903225807,0.0,6.0
U00199,Na0.5Ni2/3Fe1/6Mn1/6O2,12,950,0.69,Successful,0.5,0.0,2.0,0.16666666666666666,0.16666666666666666,0.6666666666666666,,,,,,3.0,0.785,3.821656050955414,0.0,5.0,4.0,0.67,5.970149253731343,0.0,3.0,3.499250374812594,0.6725787106446777,5.2027373442411005,2.0,6.500749625187407
U00200,Na0.5Cu2/3Ni1/9Mn1/9Fe1/9O2,12,950,0.0,Successful,0.5,0.6666666666666666,2.0,0.1111111111111111,0.1111111111111111,0.1111111111111111,2.0,0.87,2.2988505747126435,0.0,9.0,3.0,0.785,3.821656050955414,0.0,5.0,7.0,0.6,11.666666666666668,0.0,0.0,4.0,0.62,6.451612903225807,0.0,6.0
U00201,Na0.5Fe2/3Cu1/9Mn1/9Ni1/9O2,12,950,0.0,Successful,0.5,0.1111111111111111,2.0,0.6666666666666666,0.1111111111111111,0.1111111111111111,2.0,0.87,2.2988505747126435,0.0,9.0,3.0,0.785,3.821656050955414,0.0,5.0,7.0,0.6,11.666666666666668,0.0,0.0,4.0,0.62,6.451612903225807,0.0,6.0
U00202,Na0.5Ni2/3Fe1/9Cu1/9Mn1/9O2,12,950,0.76,Successful,0.5,0.1111111111111111,2.0,0.1111111111111111,0.1111111111111111,0.6666666666666666,2.0,0.87,2.2988505747126435,0.0,9.0,3.0,0.785,3.821656050955414,0.0,5.0,4.0,0.67,5.970149253731343,0.0,3.0,3.7511244377811095,0.6461319340329835,5.805508504072209,2.0,6.24887556221889
U00203,Na0.5Mn2/3Cu1/9Fe1/9Ni1/9O2,12,950,1.0,Successful,0.5,0.1111111111111111,2.0,0.1111111111111111,0.6666666666666666,0.1111111111111111,2.0,0.87,2.2988505747126435,0.0,9.0,3.0,0.785,3.821656050955414,0.0,5.0,4.0,0.67,5.970149253731343,0.0,3.0000000000000004,2.5045045045045047,0.7770270270270271,3.2231884057971016,2.0,7.495495495495496
U00204,Na0.5Mn1/9Cu8/27Fe8/27Ni8/27O2,12,950,-1.0,Unsuccessful,0.5,0.2962962962962963,2.0,0.2962962962962963,0.1111111111111111,0.2962962962962963,2.0,0.87,2.2988505747126435,0.0,9.0,3.0,0.785,3.821656050955414,0.0,5.0,7.0,0.6,11.666666666666668,0.0,0.0,4.0,0.62,6.451612903225807,0.0,6.0
U00205,Na0.5Ni1/9Cu8/27Fe8/27Mn8/27O2,12,950,1.0,Successful,0.5,0.2962962962962963,2.0,0.2962962962962963,0.2962962962962963,0.1111111111111111,2.0,0.87,2.2988505747126435,0.0,9.0,3.0,0.785,3.821656050955414,0.0,5.0,5.3074324324324325,0.6394932432432432,8.299434729779703,3.0,1.6925675675675673,4.0,0.62,6.451612903225807,0.0,6.0
U00206,Na0.5Fe1/9Mn8/27Cu8/27Ni8/27O2,12,950,1.0,Successful,0.5,0.2962962962962963,2.0,0.1111111111111111,0.2962962962962963,0.2962962962962963,2.0,0.87,2.2988505747126435,0.0,9.0,3.0,0.785,3.821656050955414,0.0,5.0,4.689189189189189,0.6539189189189188,7.170903079148585,3.0,2.3108108108108105,4.0,0.62,6.451612903225807,0.0,6.0
U00207,Na0.5Cu1/9Mn8/27Fe8/27Ni8/27O2,12,950,1.0,Successful,0.5,0.1111111111111111,2.0,0.2962962962962963,0.2962962962962963,0.2962962962962963,2.0,0.87,2.2988505747126435,0.0,9.0,3.0,0.785,3.821656050955414,0.0,5.0,4.0608108108108105,0.668581081081081,6.07377463365336,3.0,2.939189189189189,4.0,0.62,6.451612903225807,0.0,6.0
U00208,Na0.5Fe7/18Ni7/18Cu1/9Mn1/9O2,12,950,0.37,Successful,0.5,0.1111111111111111,2.0,0.3888888888888889,0.1111111111111111,0.3888888888888889,2.0,0.87,2.2988505747126435,0.0,9.0,3.0,0.785,3.821656050955414,0.0,5.0,5.0,0.6466666666666667,7.731958762886597,3.0,2.0,4.0,0.62,6.451612903225807,0.0,6.0
U00209,Na0.5Cu7/18Ni7/18Fe1/9Mn1/9O2,12,950,-1.0,Unsuccessful,0.5,0.3888888888888889,2.0,0.1111111111111111,0.1111111111111111,0.3888888888888889,2.0,0.87,2.2988505747126435,0.0,9.0,3.0,0.785,3.821656050955414,0.0,5.0,7.0,0.6,11.666666666666668,0.0,0.0,4.0,0.62,6.451612903225807,0.0,6.0
U00210,Na0.5Fe7/18Mn7/18Cu1/9Ni1/9O2,12,950,1.0,Successful,0.5,0.1111111111111111,2.0,0.3888888888888889,0.3888888888888889,0.1111111111111111,2.0,0.87,2.2988505747126435,0.0,9.0,3.0,0.785,3.821656050955414,0.0,5.0,4.285347043701799,0.6633419023136248,6.460238722678653,3.0,2.714652956298201,4.0,0.62,6.451612903225807,0.0,6.0
U00211,Na0.5Cu7/18Fe7/18Mn1/9Ni1/9O2,12,950,0.81,Successful,0.5,0.3888888888888889,2.0,0.3888888888888889,0.1111111111111111,0.1111111111111111,2.0,0.87,2.2988505747126435,0.0,9.0,3.0,0.785,3.821656050955414,0.0,5.0,7.0,0.6,11.666666666666668,0.0,0.0,4.0,0.62,6.451612903225807,0.0,6.0
U00212,Na0.5Mn7/18Ni7/18Fe1/9Cu1/9O2,12,950,1.0,Successful,0.5,0.1111111111111111,2.0,0.1111111111111111,0.3888888888888889,0.3888888888888889,2.0,0.87,2.2988505747126435,0.0,9.0,3.0,0.785,3.821656050955414,0.0,5.0,4.0,0.67,5.970149253731343,0.0,3.0,3.573264781491002,0.6648071979434447,5.374888828738254,2.0,6.426735218508997
U00213,Na0.5Cu7/18Mn7/18Fe1/9Ni1/9O2,12,950,1.0,Successful,0.5,0.3888888888888889,2.0,0.1111111111111111,0.3888888888888889,0.1111111111111111,2.0,0.87,2.2988505747126435,0.0,9.0,3.0,0.785,3.821656050955414,0.0,5.0,5.002570694087404,0.6466066838046273,7.73665169164712,3.0,1.9974293059125965,4.0,0.62,6.451612903225807,0.0,6.0
U00214,NaMn2/3Cu1/6Fe1/6O2,6,950,1.0,Successful,1.0,0.16666666666666666,2.0,0.16666666666666666,0.6666666666666666,0.0,2.0,0.87,2.2988505747126435,0.0,9.0,3.0,0.785,3.821656050955414,0.0,5.0,3.2503748125937033,0.7562068965517241,4.2982612660837844,1.0,3.7496251874062967,,,,,
U00215,NaNi2/3Fe1/6Cu1/6O2,6,950,-1.0,Unsuccessful,1.0,0.16666666666666666,2.0,0.16666666666666666,0.0,0.6666666666666666,1.0,0.91,1.0989010989010988,0.0,10.0,2.0,0.92,2.1739130434782608,0.0,6.0,,,,,,3.7511244377811095,0.6461319340329835,5.805508504072209,2.0,6.24887556221889
U00216,NaMn2/3Ni1/6Cu1/6O2,6,950,1.0,Successful,1.0,0.16666666666666666,2.0,0.0,0.6666666666666666,0.16666666666666666,2.0,0.87,2.2988505747126435,0.0,9.0,,,,,,3.500749625187406,0.7274137931034483,4.81259725671651,1.0,3.499250374812594,2.0,0.83,2.4096385542168677,0.0,8.0
U00217,NaMn2/3Fe1/6Ni1/6O2,6,950,1.0,Successful,1.0,0.0,2.0,0.16666666666666666,0.6666666666666666,0.16666666666666666,,,,,,3.0,0.785,3.821656050955414,0.0,5.0,3.2503748125937033,0.7562068965517241,4.2982612660837844,1.0,3.7496251874062967,2.0,0.83,2.4096385542168677,0.0,8.0
U00218,NaFe2/3Cu1/6Mn1/6O2,6,950,0.09,Successful,1.0,0.16666666666666666,2.0,0.6666666666666666,0.16666666666666666,0.0,2.0,0.87,2.2988505747126435,0.0,9.0,3.0,0.785,3.821656050955414,0.0,5.0,4.0,0.67,5.970149253731343,0.0,3.0,,,,,
U00219,NaFe2/3Cu1/6Ni1/6O2,6,950,-1.0,Unsuccessful,1.0,0.16666666666666666,2.0,0.6666666666666666,0.0,0.16666666666666666,2.0,0.87,2.2988505747126435,0.0,9.0,3.0,0.785,3.821656050955414,0.0,5.0,,,,,,4.0,0.62,6.451612903225807,0.0,6.0
U00220,NaNi2/3Cu1/6Mn1/6O2,6,950,1.0,Successful,1.0,0.16666666666666666,2.0,0.0,0.16666666666666666,0.6666666666666666,1.0,0.91,1.0989010989010988,0.0,10.0,,,,,,2.0,0.97,2.061855670103093,0.0,5.0,3.7511244377811095,0.6461319340329835,5.805508504072209,2.0,6.24887556221889
U00221,NaFe2/3Ni1/6Mn1/6O2,6,950,0.0,Successful,1.0,0.0,2.0,0.6666666666666666,0.16666666666666666,0.16666666666666666,,,,,,3.0,0.785,3.821656050955414,0.0,5.0,4.0,0.67,5.970149253731343,0.0,3.0,2.0,0.83,2.4096385542168677,0.0,8.0
U00222,NaCu2/3Fe1/6Mn1/6O2,6,950,0.86,Successful,1.0,0.6666666666666666,2.0,0.16666666666666666,0.16666666666666666,0.0,2.0,0.87,2.2988505747126435,0.0,9.0,3.0,0.785,3.821656050955414,0.0,5.0,7.0,0.6,11.666666666666668,0.0,0.0,,,,,
U00223,NaCu2/3Ni1/6Fe1/6O2,6,950,-1.0,Unsuccessful,1.0,0.6666666666666666,2.0,0.16666666666666666,0.0,0.16666666666666666,2.0,0.87,2.2988505747126435,0.0,9.0,3.0,0.785,3.821656050955414,0.0,5.0,,,,,,4.0,0.62,6.451612903225807,0.0,6.0
U00224,NaCu2/3Ni1/6Mn1/6O2,6,950,0.0,Successful,1.0,0.6666666666666666,2.0,0.0,0.16666666666666666,0.16666666666666666,2.0,0.87,2.2988505747126435,0.0,9.0,,,,,,5.994011976047904,0.6234730538922155,9.613907030349598,3.0,1.0059880239520957,4.0,0.62,6.451612903225807,0.0,6.0
U00225,NaNi2/3Fe1/6Mn1/6O2,6,950,0.79,Successful,1.0,0.0,2.0,0.16666666666666666,0.16666666666666666,0.6666666666666666,,,,,,2.0,0.92,2.1739130434782608,0.0,6.0,2.0,0.97,2.061855670103093,0.0,5.0,3.499250374812594,0.6725787106446777,5.2027373442411005,2.0,6.500749625187407
U00226,NaCu2/3Ni1/9Mn1/9Fe1/9O2,6,950,1.0,Successful,1.0,0.6666666666666666,2.0,0.1111111111111111,0.1111111111111111,0.1111111111111111,2.0,0.87,2.2988505747126435,0.0,9.0,3.0,0.785,3.821656050955414,0.0,5.0,7.0,0.6,11.666666666666668,0.0,0.0,4.0,0.62,6.451612903225807,0.0,6.0
U00227,NaFe2/3Cu1/9Mn1/9Ni1/9O2,6,950,0.0,Successful,1.0,0.1111111111111111,2.0,0.6666666666666666,0.1111111111111111,0.1111111111111111,2.0,0.87,2.2988505747126435,0.0,9.0,3.0,0.785,3.821656050955414,0.0,5.0,4.0,0.67,5.970149253731343,0.0,3.0,2.990990990990991,0.725945945945946,4.120129064283941,2.0,7.009009009009009
U00228,NaNi2/3Fe1/9Cu1/9Mn1/9O2,6,950,0.26,Successful,1.0,0.1111111111111111,2.0,0.1111111111111111,0.1111111111111111,0.6666666666666666,1.0,0.91,1.0989010989010988,0.0,10.0,2.0,0.92,2.1739130434782608,0.0,6.0,2.0,0.97,2.061855670103093,0.0,5.0,3.6671664167916043,0.6549475262368816,5.5991759185074965,2.0,6.332833583208396
U00229,NaMn2/3Cu1/9Fe1/9Ni1/9O2,6,950,1.0,Successful,1.0,0.1111111111111111,2.0,0.1111111111111111,0.6666666666666666,0.1111111111111111,2.0,0.87,2.2988505747126435,0.0,9.0,3.0,0.785,3.821656050955414,0.0,5.0,3.3343328335832085,0.746551724137931,4.466311878702681,1.0,3.665667166416792,2.0,0.83,2.4096385542168677,0.0,8.0
U00230,NaMn1/9Cu8/27Fe8/27Ni8/27O2,6,950,-1.0,Unsuccessful,1.0,0.2962962962962963,2.0,0.2962962962962963,0.1111111111111111,0.2962962962962963,2.0,0.87,2.2988505747126435,0.0,9.0,3.0,0.785,3.821656050955414,0.0,5.0,4.0,0.67,5.970149253731343,0.0,3.0,3.621621621621622,0.6597297297297297,5.489553461696027,2.0,6.378378378378378
U00231,NaNi1/9Cu8/27Fe8/27Mn8/27O2,6,950,1.0,Successful,1.0,0.2962962962962963,2.0,0.2962962962962963,0.2962962962962963,0.1111111111111111,2.0,0.87,2.2988505747126435,0.0,9.0,3.0,0.785,3.821656050955414,0.0,5.0,4.0,0.67,5.970149253731343,0.0,3.0,2.990990990990991,0.725945945945946,4.120129064283941,2.0,7.009009009009009
U00232,NaFe1/9Mn8/27Cu8/27Ni8/27O2,6,950,1.0,Successful,1.0,0.2962962962962963,2.0,0.1111111111111111,0.2962962962962963,0.2962962962962963,2.0,0.87,2.2988505747126435,0.0,9.0,3.0,0.785,3.821656050955414,0.0,5.0,4.0,0.67,5.970149253731343,0.0,3.0,3.0,0.725,4.137931034482759,2.0,7.000000000000001
U00233,NaCu1/9Mn8/27Fe8/27Ni8/27O2,6,950,1.0,Successful,1.0,0.1111111111111111,2.0,0.2962962962962963,0.2962962962962963,0.2962962962962963,2.0,0.87,2.2988505747126435,0.0,9.0,3.0,0.785,3.821656050955414,0.0,5.0,4.0,0.67,5.970149253731343,0.0,3.0,2.3716216216216215,0.7909797297297297,2.9983342587451416,2.0,7.628378378378379
U00234,NaFe7/18Ni7/18Cu1/9Mn1/9O2,6,950,-1.0,Unsuccessful,1.0,0.1111111111111111,2.0,0.3888888888888889,0.1111111111111111,0.3888888888888889,2.0,0.87,2.2988505747126435,0.0,9.0,3.0,0.785,3.821656050955414,0.0,5.0,4.0,0.67,5.970149253731343,0.0,3.0,3.002570694087404,0.7247300771208226,4.143019296254257,2.0,6.997429305912596
U00235,NaCu7/18Ni7/18Fe1/9Mn1/9O2,6,950,-1.0,Unsuccessful,1.0,0.3888888888888889,2.0,0.1111111111111111,0.1111111111111111,0.3888888888888889,2.0,0.87,2.2988505747126435,0.0,9.0,3.0,0.785,3.821656050955414,0.0,5.0,4.0,0.67,5.970149253731343,0.0,3.0,3.712082262210797,0.6502313624678663,5.708863762157034,2.0,6.287917737789203
U00236,NaFe7/18Mn7/18Cu1/9Ni1/9O2,6,950,0.8,Successful,1.0,0.1111111111111111,2.0,0.3888888888888889,0.3888888888888889,0.1111111111111111,2.0,0.87,2.2988505747126435,0.0,9.0,3.0,0.785,3.821656050955414,0.0,5.0,3.570694087403599,0.7193701799485862,4.963639287437239,1.0,3.429305912596401,2.0,0.83,2.4096385542168677,0.0,8.0
U00237,NaCu7/18Fe7/18Mn1/9Ni1/9O2,6,950,0.29,Successful,1.0,0.3888888888888889,2.0,0.3888888888888889,0.1111111111111111,0.1111111111111111,2.0,0.87,2.2988505747126435,0.0,9.0,3.0,0.785,3.821656050955414,0.0,5.0,5.486486486486486,0.6353153153153153,8.63584798638684,3.0,1.5135135135135136,4.0,0.62,6.451612903225807,0.0,6.0
U00238,NaMn7/18Ni7/18Fe1/9Cu1/9O2,6,950,1.0,Successful,1.0,0.1111111111111111,2.0,0.1111111111111111,0.3888888888888889,0.3888888888888889,2.0,0.87,2.2988505747126435,0.0,9.0,3.0,0.785,3.821656050955414,0.0,5.0,4.0,0.67,5.970149253731343,0.0,3.0,2.2879177377892033,0.7997686375321337,2.8607245025875097,2.0,7.712082262210797
U00239,NaCu7/18Mn7/18Fe1/9Ni1/9O2,6,950,0.84,Successful,1.0,0.3888888888888889,2.0,0.1111111111111111,0.3888888888888889,0.1111111111111111,2.0,0.87,2.2988505747126435,0.0,9.0,3.0,0.785,3.821656050955414,0.0,5.0,4.0,0.67,5.970149253731343,0.0,3.0,2.990990990990991,0.725945945945946,4.120129064283941,2.0,7.009009009009009
U00240,Na0.75Mn2/3Cu1/6Fe1/6O2,6,950,1.0,Successful,0.75,0.16666666666666666,2.0,0.16666666666666666,0.6666666666666666,0.0,2.0,0.87,2.2988505747126435,0.0,9.0,3.0,0.785,3.821656050955414,0.0,5.0,3.6251874062968517,0.7131034482758621,5.083676730300227,1.0,3.374812593703148,,,,,
U00241,Na0.75Ni2/3Fe1/6Cu1/6O2,6,950,-1.0,Unsuccessful,0.75,0.16666666666666666,2.0,0.16666666666666666,0.0,0.6666666666666666,2.0,0.87,2.2988505747126435,0.0,9.0,3.0,0.785,3.821656050955414,0.0,5.0,,,,,,3.6251874062968517,0.6593553223388305,5.4980786284363,2.0,6.374812593703149
U00242,Na0.75Mn2/3Ni1/6Cu1/6O2,6,950,1.0,Successful,0.75,0.16666666666666666,2.0,0.0,0.6666666666666666,0.16666666666666666,2.0,0.87,2.2988505747126435,0.0,9.0,,,,,,3.875562218890555,0.6843103448275863,5.663457009212702,1.0,3.124437781109445,2.0,0.83,2.4096385542168677,0.0,8.0
U00243,Na0.75Mn2/3Fe1/6Ni1/6O2,6,950,1.0,Successful,0.75,0.0,2.0,0.16666666666666666,0.6666666666666666,0.16666666666666666,,,,,,3.0,0.785,3.821656050955414,0.0,5.0,3.6251874062968517,0.7131034482758621,5.083676730300227,1.0,3.374812593703148,2.0,0.83,2.4096385542168677,0.0,8.0
U00244,Na0.75Fe2/3Cu1/6Mn1/6O2,6,950,1.0,Successful,0.75,0.16666666666666666,2.0,0.6666666666666666,0.16666666666666666,0.0,2.0,0.87,2.2988505747126435,0.0,9.0,3.0,0.785,3.821656050955414,0.0,5.0,5.5089820359281445,0.6347904191616767,8.678426563531744,3.0,1.4910179640718562,,,,,
U00245,Na0.75Fe2/3Cu1/6Ni1/6O2,6,950,-1.0,Unsuccessful,0.75,0.16666666666666666,2.0,0.6666666666666666,0.0,0.16666666666666666,2.0,0.87,2.2988505747126435,0.0,9.0,3.0,0.785,3.821656050955414,0.0,5.0,,,,,,4.0,0.62,6.451612903225807,0.0,6.0
U00246,Na0.75Ni2/3Cu1/6Mn1/6O2,6,950,1.0,Successful,0.75,0.16666666666666666,2.0,0.0,0.16666666666666666,0.6666666666666666,2.0,0.87,2.2988505747126435,0.0,9.0,,,,,,4.0,0.67,5.970149253731343,0.0,3.0,3.376311844077961,0.685487256371814,4.925418835571499,2.0,6.623688155922038
U00247,Na0.75Fe2/3Ni1/6Mn1/6O2,6,950,0.0,Successful,0.75,0.0,2.0,0.6666666666666666,0.16666666666666666,0.16666666666666666,,,,,,3.0,0.785,3.821656050955414,0.0,5.0,4.0,0.67,5.970149253731343,0.0,3.0,3.4970059880239517,0.672814371257485,5.197579209683161,2.0,6.502994011976048
U00248,Na0.75Cu2/3Fe1/6Mn1/6O2,6,950,0.88,Successful,0.75,0.6666666666666666,2.0,0.16666666666666666,0.16666666666666666,0.0,2.0,0.87,2.2988505747126435,0.0,9.0,3.0,0.785,3.821656050955414,0.0,5.0,7.0,0.6,11.666666666666668,0.0,0.0,,,,,
U00249,Na0.75Cu2/3Ni1/6Fe1/6O2,6,950,-1.0,Unsuccessful,0.75,0.6666666666666666,2.0,0.16666666666666666,0.0,0.16666666666666666,2.0,0.87,2.2988505747126435,0.0,9.0,3.0,0.785,3.821656050955414,0.0,5.0,,,,,,4.0,0.62,6.451612903225807,0.0,6.0
U00250,Na0.75Cu2/3Ni1/6Mn1/6O2,6,950,1.0,Successful,0.75,0.6666666666666666,2.0,0.0,0.16666666666666666,0.16666666666666666,2.0,0.87,2.2988505747126435,0.0,9.0,,,,,,7.0,0.6,11.666666666666668,0.0,0.0,4.0,0.62,6.451612903225807,0.0,6.0
U00251,Na0.75Ni2/3Fe1/6Mn1/6O2,6,950,1.0,Successful,0.75,0.0,2.0,0.16666666666666666,0.16666666666666666,0.6666666666666666,,,,,,2.0,0.92,2.1739130434782608,0.0,6.0,2.0,0.97,2.061855670103093,0.0,5.0,3.874062968515742,0.633223388305847,6.118003598825647,2.0,6.125937031484258
U00252,Na0.75Cu2/3Ni1/9Mn1/9Fe1/9O2,6,950,0.0,Successful,0.75,0.6666666666666666,2.0,0.1111111111111111,0.1111111111111111,0.1111111111111111,2.0,0.87,2.2988505747126435,0.0,9.0,3.0,0.785,3.821656050955414,0.0,5.0,7.0,0.6,11.666666666666668,0.0,0.0,4.0,0.62,6.451612903225807,0.0,6.0
U00253,Na0.75Fe2/3Cu1/9Mn1/9Ni1/9O2,6,950,0.0,Successful,0.75,0.1111111111111111,2.0,0.6666666666666666,0.1111111111111111,0.1111111111111111,2.0,0.87,2.2988505747126435,0.0,9.0,3.0,0.785,3.821656050955414,0.0,5.0,5.243243243243244,0.640990990990991,8.179901616303585,3.0,1.7567567567567568,4.0,0.62,6.451612903225807,0.0,6.0
U00254,Na0.75Ni2/3Fe1/9Cu1/9Mn1/9O2,6,950,0.82,Successful,0.75,0.1111111111111111,2.0,0.1111111111111111,0.1111111111111111,0.6666666666666666,2.0,0.87,2.2988505747126435,0.0,9.0,3.0,0.785,3.821656050955414,0.0,5.0,4.0,0.67,5.970149253731343,0.0,3.0,3.376311844077961,0.685487256371814,4.925418835571499,2.0,6.623688155922038
U00255,Na0.75Mn2/3Cu1/9Fe1/9Ni1/9O2,6,950,1.0,Successful,0.75,0.1111111111111111,2.0,0.1111111111111111,0.6666666666666666,0.1111111111111111,2.0,0.87,2.2988505747126435,0.0,9.0,3.0,0.785,3.821656050955414,0.0,5.0,3.709145427286357,0.703448275862069,5.272804774083546,1.0,3.2908545727136436,2.0,0.83,2.4096385542168677,0.0,8.0
U00256,Na0.75Mn1/9Cu8/27Fe8/27Ni8/27O2,6,950,-1.0,Unsuccessful,0.75,0.2962962962962963,2.0,0.2962962962962963,0.1111111111111111,0.2962962962962963,2.0,0.87,2.2988505747126435,0.0,9.0,3.0,0.785,3.821656050955414,0.0,5.0,5.243243243243244,0.640990990990991,8.179901616303585,3.0,1.7567567567567568,4.0,0.62,6.451612903225807,0.0,6.0
U00257,Na0.75Ni1/9Cu8/27Fe8/27Mn8/27O2,6,950,0.81,Successful,0.75,0.2962962962962963,2.0,0.2962962962962963,0.2962962962962963,0.1111111111111111,2.0,0.87,2.2988505747126435,0.0,9.0,3.0,0.785,3.821656050955414,0.0,5.0,4.466216216216217,0.6591216216216217,6.776012301383906,3.0,2.5337837837837838,4.0,0.62,6.451612903225807,0.0,6.0
U00258,Na0.75Fe1/9Mn8/27Cu8/27Ni8/27O2,6,950,1.0,Successful,0.75,0.2962962962962963,2.0,0.1111111111111111,0.2962962962962963,0.2962962962962963,2.0,0.87,2.2988505747126435,0.0,9.0,3.0,0.785,3.821656050955414,0.0,5.0,4.0,0.67,5.970149253731343,0.0,3.0,3.8445945945945943,0.6363175675675675,6.041943190868064,2.0,6.155405405405404
U00259,Na0.75Cu1/9Mn8/27Fe8/27Ni8/27O2,6,950,1.0,Successful,0.75,0.1111111111111111,2.0,0.2962962962962963,0.2962962962962963,0.2962962962962963,2.0,0.87,2.2988505747126435,0.0,9.0,3.0,0.785,3.821656050955414,0.0,5.0,4.0,0.67,5.970149253731343,0.0,3.0,3.2162162162162162,0.7022972972972974,4.579565133730998,2.0,6.783783783783784
U00260,Na0.75Fe7/18Ni7/18Cu1/9Mn1/9O2,6,950,-1.0,Unsuccessful,0.75,0.1111111111111111,2.0,0.3888888888888889,0.1111111111111111,0.3888888888888889,2.0,0.87,2.2988505747126435,0.0,9.0,3.0,0.785,3.821656050955414,0.0,5.0,4.0,0.67,5.970149253731343,0.0,3.0,3.6452442159383036,0.6572493573264782,5.546211913795127,2.0,6.354755784061696
U00261,Na0.75Cu7/18Ni7/18Fe1/9Mn1/9O2,6,950,-1.0,Unsuccessful,0.75,0.3888888888888889,2.0,0.1111111111111111,0.1111111111111111,0.3888888888888889,2.0,0.87,2.2988505747126435,0.0,9.0,3.0,0.785,3.821656050955414,0.0,5.0,5.243243243243244,0.640990990990991,8.179901616303585,3.0,1.7567567567567568,4.0,0.62,6.451612903225807,0.0,6.0
U00262,Na0.75Fe7/18Mn7/18Cu1/9Ni1/9O2,6,950,0.8,Successful,0.75,0.1111111111111111,2.0,0.3888888888888889,0.3888888888888889,0.1111111111111111,2.0,0.87,2.2988505747126435,0.0,9.0,3.0,0.785,3.821656050955414,0.0,5.0,4.0,0.67,5.970149253731343,0.0,3.0,2.756756756756757,0.7505405405405404,3.6730284479654314,2.0,7.243243243243243
U00263,Na0.75Cu7/18Fe7/18Mn1/9Ni1/9O2,6,950,0.31,Successful,0.75,0.3888888888888889,2.0,0.3888888888888889,0.1111111111111111,0.1111111111111111,2.0,0.87,2.2988505747126435,0.0,9.0,3.0,0.785,3.821656050955414,0.0,5.0,7.0,0.6,11.666666666666668,0.0,0.0,4.0,0.62,6.451612903225807,0.0,6.0
U00264,Na0.75Mn7/18Ni7/18Fe1/9Cu1/9O2,6,950,1.0,Successful,0.75,0.1111111111111111,2.0,0.1111111111111111,0.3888888888888889,0.3888888888888889,2.0,0.87,2.2988505747126435,0.0,9.0,3.0,0.785,3.821656050955414,0.0,5.0,4.0,0.67,5.970149253731343,0.0,3.0,2.9305912596401025,0.7322879177377892,4.001965877975145,2.0,7.069408740359897
U00265,Na0.75Cu7/18Mn7/18Fe1/9Ni1/9O2,6,950,1.0,Successful,0.75,0.3888888888888889,2.0,0.1111111111111111,0.3888888888888889,0.1111111111111111,2.0,0.87,2.2988505747126435,0.0,9.0,3.0,0.785,3.821656050955414,0.0,5.0,4.354755784061697,0.6617223650385604,6.580940911386505,3.0,2.6452442159383036,4.0,0.62,6.451612903225807,0.0,6.0
U00266,Na0.5Mn2/3Cu1/6Fe1/6O2,6,950,1.0,Successful,0.5,0.16666666666666666,2.0,0.16666666666666666,0.6666666666666666,0.0,2.0,0.87,2.2988505747126435,0.0,9.0,3.0,0.785,3.821656050955414,0.0,5.0,4.0,0.67,5.970149253731343,0.0,3.0000000000000004,,,,,
U00267,Na0.5Ni2/3Fe1/6Cu1/6O2,6,950,-1.0,Unsuccessful,0.5,0.16666666666666666,2.0,0.16666666666666666,0.0,0.6666666666666666,2.0,0.87,2.2988505747126435,0.0,9.0,3.0,0.785,3.821656050955414,0.0,5.0,,,,,,4.0,0.62,6.451612903225807,0.0,6.000000000000001
U00268,Na0.5Mn2/3Ni1/6Cu1/6O2,6,950,1.0,Successful,0.5,0.16666666666666666,2.0,0.0,0.6666666666666666,0.16666666666666666,2.0,0.87,2.2988505747126435,0.0,9.0,,,,,,4.0,0.67,5.970149253731343,0.0,3.0000000000000004,3.0059880239520957,0.72437125748503,4.149789203934859,2.0,6.994011976047904
U00269,Na0.5Mn2/3Fe1/6Ni1/6O2,6,950,1.0,Successful,0.5,0.0,2.0,0.16666666666666666,0.6666666666666666,0.16666666666666666,,,,,,3.0,0.785,3.821656050955414,0.0,5.0,4.0,0.67,5.970149253731343,0.0,3.0000000000000004,2.0,0.83,2.4096385542168677,0.0,8.0
U00270,Na0.5Fe2/3Cu1/6Mn1/6O2,6,950,-1.0,Unsuccessful,0.5,0.16666666666666666,2.0,0.6666666666666666,0.16666666666666666,0.0,2.0,0.87,2.2988505747126435,0.0,9.0,3.0,0.785,3.821656050955414,0.0,5.0,7.0,0.6,11.666666666666668,0.0,0.0,,,,,
U00271,Na0.5Fe2/3Cu1/6Ni1/6O2,6,950,-1.0,Unsuccessful,0.5,0.16666666666666666,2.0,0.6666666666666666,0.0,0.16666666666666666,2.0,0.87,2.2988505747126435,0.0,9.0,3.0,0.785,3.821656050955414,0.0,5.0,,,,,,4.0,0.62,6.451612903225807,0.0,6.0
U00272,Na0.5Ni2/3Cu1/6Mn1/6O2,6,950,0.0,Successful,0.5,0.16666666666666666,2.0,0.0,0.16666666666666666,0.6666666666666666,2.0,0.87,2.2988505747126435,0.0,9.0,,,,,,4.0,0.67,5.970149253731343,0.0,3.0,3.7511244377811095,0.6461319340329835,5.805508504072209,2.0,6.24887556221889
U00273,Na0.5Fe2/3Ni1/6Mn1/6O2,6,950,0.0,Successful,0.5,0.0,2.0,0.6666666666666666,0.16666666666666666,0.16666666666666666,,,,,,3.0,0.785,3.821656050955414,0.0,5.0,5.005988023952096,0.6465269461077845,7.742891543947392,3.0,1.9940119760479043,4.0,0.62,6.451612903225807,0.0,6.0
U00274,Na0.5Cu2/3Fe1/6Mn1/6O2,6,950,0.0,Successful,0.5,0.6666666666666666,2.0,0.16666666666666666,0.16666666666666666,0.0,2.0,0.87,2.2988505747126435,0.0,9.0,3.0,0.785,3.821656050955414,0.0,5.0,7.0,0.6,11.666666666666668,0.0,0.0,,,,,
U00275,Na0.5Cu2/3Ni1/6Fe1/6O2,6,950,-1.0,Unsuccessful,0.5,0.6666666666666666,2.0,0.16666666666666666,0.0,0.16666666666666666,2.0,0.87,2.2988505747126435,0.0,9.0,3.0,0.785,3.821656050955414,0.0,5.0,,,,,,4.0,0.62,6.451612903225807,0.0,6.0
U00276,Na0.5Cu2/3Ni1/6Mn1/6O2,6,950,0.0,Successful,0.5,0.6666666666666666,2.0,0.0,0.16666666666666666,0.16666666666666666,2.0,0.87,2.2988505747126435,0.0,9.0,,,,,,7.0,0.6,11.666666666666668,0.0,0.0,4.0,0.62,6.451612903225807,0.0,6.0
U00277,Na0.5Ni2/3Fe1/6Mn1/6O2,6,950,1.0,Successful,0.5,0.0,2.0,0.16666666666666666,0.16666666666666666,0.6666666666666666,,,,,,3.0,0.785,3.821656050955414,0.0,5.0,4.0,0.67,5.970149253731343,0.0,3.0,3.499250374812594,0.6725787106446777,5.2027373442411005,2.0,6.500749625187407
U00278,Na0.5Cu2/3Ni1/9Mn1/9Fe1/9O2,6,950,0.0,Successful,0.5,0.6666666666666666,2.0,0.1111111111111111,0.1111111111111111,0.1111111111111111,2.0,0.87,2.2988505747126435,0.0,9.0,3.0,0.785,3.821656050955414,0.0,5.0,7.0,0.6,11.666666666666668,0.0,0.0,4.0,0.62,6.451612903225807,0.0,6.0
U00279,Na0.5Fe2/3Cu1/9Mn1/9Ni1/9O2,6,950,0.0,Successful,0.5,0.1111111111111111,2.0,0.6666666666666666,0.1111111111111111,0.1111111111111111,2.0,0.87,2.2988505747126435,0.0,9.0,3.0,0.785,3.821656050955414,0.0,5.0,7.0,0.6,11.666666666666668,0.0,0.0,4.0,0.62,6.451612903225807,0.0,6.0
U00280,Na0.5Ni2/3Fe1/9Cu1/9Mn1/9O2,6,950,0.68,Successful,0.5,0.1111111111111111,2.0,0.1111111111111111,0.1111111111111111,0.6666666666666666,2.0,0.87,2.2988505747126435,0.0,9.0,3.0,0.785,3.821656050955414,0.0,5.0,4.0,0.67,5.970149253731343,0.0,3.0,3.7511244377811095,0.6461319340329835,5.805508504072209,2.0,6.24887556221889
U00281,Na0.5Mn2/3Cu1/9Fe1/9Ni1/9O2,6,950,1.0,Successful,0.5,0.1111111111111111,2.0,0.1111111111111111,0.6666666666666666,0.1111111111111111,2.0,0.87,2.2988505747126435,0.0,9.0,3.0,0.785,3.821656050955414,0.0,5.0,4.0,0.67,5.970149253731343,0.0,3.0000000000000004,2.5045045045045047,0.7770270270270271,3.2231884057971016,2.0,7.495495495495496
U00282,Na0.5Mn1/9Cu8/27Fe8/27Ni8/27O2,6,950,-1.0,Unsuccessful,0.5,0.2962962962962963,2.0,0.2962962962962963,0.1111111111111111,0.2962962962962963,2.0,0.87,2.2988505747126435,0.0,9.0,3.0,0.785,3.821656050955414,0.0,5.0,7.0,0.6,11.666666666666668,0.0,0.0,4.0,0.62,6.451612903225807,0.0,6.0
U00283,Na0.5Ni1/9Cu8/27Fe8/27Mn8/27O2,6,950,1.0,Successful,0.5,0.2962962962962963,2.0,0.2962962962962963,0.2962962962962963,0.1111111111111111,2.0,0.87,2.2988505747126435,0.0,9.0,3.0,0.785,3.821656050955414,0.0,5.0,5.3074324324324325,0.6394932432432432,8.299434729779703,3.0,1.6925675675675673,4.0,0.62,6.451612903225807,0.0,6.0
U00284,Na0.5Fe1/9Mn8/27Cu8/27Ni8/27O2,6,950,1.0,Successful,0.5,0.2962962962962963,2.0,0.1111111111111111,0.2962962962962963,0.2962962962962963,2.0,0.87,2.2988505747126435,0.0,9.0,3.0,0.785,3.821656050955414,0.0,5.0,4.689189189189189,0.6539189189189188,7.170903079148585,3.0,2.3108108108108105,4.0,0.62,6.451612903225807,0.0,6.0
U00285,Na0.5Cu1/9Mn8/27Fe8/27Ni8/27O2,6,950,1.0,Successful,0.5,0.1111111111111111,2.0,0.2962962962962963,0.2962962962962963,0.2962962962962963,2.0,0.87,2.2988505747126435,0.0,9.0,3.0,0.785,3.821656050955414,0.0,5.0,4.0608108108108105,0.668581081081081,6.07377463365336,3.0,2.939189189189189,4.0,0.62,6.451612903225807,0.0,6.0
U00286,Na0.5Fe7/18Ni7/18Cu1/9Mn1/9O2,6,950,1.0,Successful,0.5,0.1111111111111111,2.0,0.3888888888888889,0.1111111111111111,0.3888888888888889,2.0,0.87,2.2988505747126435,0.0,9.0,3.0,0.785,3.821656050955414,0.0,5.0,5.0,0.6466666666666667,7.731958762886597,3.0,2.0,4.0,0.62,6.451612903225807,0.0,6.0
U00287,Na0.5Cu7/18Ni7/18Fe1/9Mn1/9O2,6,950,-1.0,Unsuccessful,0.5,0.3888888888888889,2.0,0.1111111111111111,0.1111111111111111,0.3888888888888889,2.0,0.87,2.2988505747126435,0.0,9.0,3.0,0.785,3.821656050955414,0.0,5.0,7.0,0.6,11.666666666666668,0.0,0.0,4.0,0.62,6.451612903225807,0.0,6.0
U00288,Na0.5Fe7/18Mn7/18Cu1/9Ni1/9O2,6,950,1.0,Successful,0.5,0.1111111111111111,2.0,0.3888888888888889,0.3888888888888889,0.1111111111111111,2.0,0.87,2.2988505747126435,0.0,9.0,3.0,0.785,3.821656050955414,0.0,5.0,4.285347043701799,0.6633419023136248,6.460238722678653,3.0,2.714652956298201,4.0,0.62,6.451612903225807,0.0,6.0
U00289,Na0.5Cu7/18Fe7/18Mn1/9Ni1/9O2,6,950,-1.0,Unsuccessful,0.5,0.3888888888888889,2.0,0.3888888888888889,0.1111111111111111,0.1111111111111111,2.0,0.87,2.2988505747126435,0.0,9.0,3.0,0.785,3.821656050955414,0.0,5.0,7.0,0.6,11.666666666666668,0.0,0.0,4.0,0.62,6.451612903225807,0.0,6.0
U00290,Na0.5Mn7/18Ni7/18Fe1/9Cu1/9O2,6,950,1.0,Successful,0.5,0.1111111111111111,2.0,0.1111111111111111,0.3888888888888889,0.3888888888888889,2.0,0.87,2.2988505747126435,0.0,9.0,3.0,0.785,3.821656050955414,0.0,5.0,4.0,0.67,5.970149253731343,0.0,3.0,3.573264781491002,0.6648071979434447,5.374888828738254,2.0,6.426735218508997
U00291,Na0.5Cu7/18Mn7/18Fe1/9Ni1/9O2,6,950,1.0,Successful,0.5,0.3888888888888889,2.0,0.1111111111111111,0.3888888888888889,0.1111111111111111,2.0,0.87,2.2988505747126435,0.0,9.0,3.0,0.785,3.821656050955414,0.0,5.0,5.002570694087404,0.6466066838046273,7.73665169164712,3.0,1.9974293059125965,4.0,0.62,6.451612903225807,0.0,6.0
U00292,NaMn2/3Cu1/6Fe1/6O2,3,950,1.0,Successful,1.0,0.16666666666666666,2.0,0.16666666666666666,0.6666666666666666,0.0,2.0,0.87,2.2988505747126435,0.0,9.0,3.0,0.785,3.821656050955414,0.0,5.0,3.2503748125937033,0.7562068965517241,4.2982612660837844,1.0,3.7496251874062967,,,,,
U00293,NaNi2/3Fe1/6Cu1/6O2,3,950,-1.0,Unsuccessful,1.0,0.16666666666666666,2.0,0.16666666666666666,0.0,0.6666666666666666,1.0,0.91,1.0989010989010988,0.0,10.0,2.0,0.92,2.1739130434782608,0.0,6.0,,,,,,3.7511244377811095,0.6461319340329835,5.805508504072209,2.0,6.24887556221889
U00294,NaMn2/3Ni1/6Cu1/6O2,3,950,1.0,Successful,1.0,0.16666666666666666,2.0,0.0,0.6666666666666666,0.16666666666666666,2.0,0.87,2.2988505747126435,0.0,9.0,,,,,,3.500749625187406,0.7274137931034483,4.81259725671651,1.0,3.499250374812594,2.0,0.83,2.4096385542168677,0.0,8.0
U00295,NaMn2/3Fe1/6Ni1/6O2,3,950,1.0,Successful,1.0,0.0,2.0,0.16666666666666666,0.6666666666666666,0.16666666666666666,,,,,,3.0,0.785,3.821656050955414,0.0,5.0,3.2503748125937033,0.7562068965517241,4.2982612660837844,1.0,3.7496251874062967,2.0,0.83,2.4096385542168677,0.0,8.0
U00296,NaFe2/3Cu1/6Mn1/6O2,3,950,0.0,Successful,1.0,0.16666666666666666,2.0,0.6666666666666666,0.16666666666666666,0.0,2.0,0.87,2.2988505747126435,0.0,9.0,3.0,0.785,3.821656050955414,0.0,5.0,4.0,0.67,5.970149253731343,0.0,3.0,,,,,
U00297,NaFe2/3Cu1/6Ni1/6O2,3,950,-1.0,Unsuccessful,1.0,0.16666666666666666,2.0,0.6666666666666666,0.0,0.16666666666666666,2.0,0.87,2.2988505747126435,0.0,9.0,3.0,0.785,3.821656050955414,0.0,5.0,,,,,,4.0,0.62,6.451612903225807,0.0,6.0
U00298,NaNi2/3Cu1/6Mn1/6O2,3,950,1.0,Successful,1.0,0.16666666666666666,2.0,0.0,0.16666666666666666,0.6666666666666666,1.0,0.91,1.0989010989010988,0.0,10.0,,,,,,2.0,0.97,2.061855670103093,0.0,5.0,3.7511244377811095,0.6461319340329835,5.805508504072209,2.0,6.24887556221889
U00299,NaFe2/3Ni1/6Mn1/6O2,3,950,0.0,Successful,1.0,0.0,2.0,0.6666666666666666,0.16666666666666666,0.16666666666666666,,,,,,3.0,0.785,3.821656050955414,0.0,5.0,4.0,0.67,5.970149253731343,0.0,3.0,2.0,0.83,2.4096385542168677,0.0,8.0
U00300,NaCu2/3Fe1/6Mn1/6O2,3,950,1.0,Successful,1.0,0.6666666666666666,2.0,0.16666666666666666,0.16666666666666666,0.0,2.0,0.87,2.2988505747126435,0.0,9.0,3.0,0.785,3.821656050955414,0.0,5.0,7.0,0.6,11.666666666666668,0.0,0.0,,,,,
U00301,NaCu2/3Ni1/6Fe1/6O2,3,950,-1.0,Unsuccessful,1.0,0.6666666666666666,2.0,0.16666666666666666,0.0,0.16666666666666666,2.0,0.87,2.2988505747126435,0.0,9.0,3.0,0.785,3.821656050955414,0.0,5.0,,,,,,4.0,0.62,6.451612903225807,0.0,6.0
U00302,NaCu2/3Ni1/6Mn1/6O2,3,950,1.0,Successful,1.0,0.6666666666666666,2.0,0.0,0.16666666666666666,0.16666666666666666,2.0,0.87,2.2988505747126435,0.0,9.0,,,,,,5.994011976047904,0.6234730538922155,9.613907030349598,3.0,1.0059880239520957,4.0,0.62,6.451612903225807,0.0,6.0
U00303,NaNi2/3Fe1/6Mn1/6O2,3,950,0.18,Successful,1.0,0.0,2.0,0.16666666666666666,0.16666666666666666,0.6666666666666666,,,,,,2.0,0.92,2.1739130434782608,0.0,6.0,2.0,0.97,2.061855670103093,0.0,5.0,3.499250374812594,0.6725787106446777,5.2027373442411005,2.0,6.500749625187407
U00304,NaCu2/3Ni1/9Mn1/9Fe1/9O2,3,950,1.0,Successful,1.0,0.6666666666666666,2.0,0.1111111111111111,0.1111111111111111,0.1111111111111111,2.0,0.87,2.2988505747126435,0.0,9.0,3.0,0.785,3.821656050955414,0.0,5.0,7.0,0.6,11.666666666666668,0.0,0.0,4.0,0.62,6.451612903225807,0.0,6.0
U00305,NaFe2/3Cu1/9Mn1/9Ni1/9O2,3,950,0.0,Successful,1.0,0.1111111111111111,2.0,0.6666666666666666,0.1111111111111111,0.1111111111111111,2.0,0.87,2.2988505747126435,0.0,9.0,3.0,0.785,3.821656050955414,0.0,5.0,4.0,0.67,5.970149253731343,0.0,3.0,2.990990990990991,0.725945945945946,4.120129064283941,2.0,7.009009009009009
U00306,NaNi2/3Fe1/9Cu1/9Mn1/9O2,3,950,0.52,Successful,1.0,0.1111111111111111,2.0,0.1111111111111111,0.1111111111111111,0.6666666666666666,1.0,0.91,1.0989010989010988,0.0,10.0,2.0,0.92,2.1739130434782608,0.0,6.0,2.0,0.97,2.061855670103093,0.0,5.0,3.6671664167916043,0.6549475262368816,5.5991759185074965,2.0,6.332833583208396
U00307,NaMn2/3Cu1/9Fe1/9Ni1/9O2,3,950,1.0,Successful,1.0,0.1111111111111111,2.0,0.1111111111111111,0.6666666666666666,0.1111111111111111,2.0,0.87,2.2988505747126435,0.0,9.0,3.0,0.785,3.821656050955414,0.0,5.0,3.3343328335832085,0.746551724137931,4.466311878702681,1.0,3.665667166416792,2.0,0.83,2.4096385542168677,0.0,8.0
U00308,NaMn1/9Cu8/27Fe8/27Ni8/27O2,3,950,0.0,Successful,1.0,0.2962962962962963,2.0,0.2962962962962963,0.1111111111111111,0.2962962962962963,2.0,0.87,2.2988505747126435,0.0,9.0,3.0,0.785,3.821656050955414,0.0,5.0,4.0,0.67,5.970149253731343,0.0,3.0,3.621621621621622,0.6597297297297297,5.489553461696027,2.0,6.378378378378378
U00309,NaNi1/9Cu8/27Fe8/27Mn8/27O2,3,950,-1.0,Unsuccessful,1.0,0.2962962962962963,2.0,0.2962962962962963,0.2962962962962963,0.1111111111111111,2.0,0.87,2.2988505747126435,0.0,9.0,3.0,0.785,3.821656050955414,0.0,5.0,4.0,0.67,5.970149253731343,0.0,3.0,2.990990990990991,0.725945945945946,4.120129064283941,2.0,7.009009009009009
U00310,NaFe1/9Mn8/27Cu8/27Ni8/27O2,3,950,1.0,Successful,1.0,0.2962962962962963,2.0,0.1111111111111111,0.2962962962962963,0.2962962962962963,2.0,0.87,2.2988505747126435,0.0,9.0,3.0,0.785,3.821656050955414,0.0,5.0,4.0,0.67,5.970149253731343,0.0,3.0,3.0,0.725,4.137931034482759,2.0,7.000000000000001
U00311,NaCu1/9Mn8/27Fe8/27Ni8/27O2,3,950,1.0,Successful,1.0,0.1111111111111111,2.0,0.2962962962962963,0.2962962962962963,0.2962962962962963,2.0,0.87,2.2988505747126435,0.0,9.0,3.0,0.785,3.821656050955414,0.0,5.0,4.0,0.67,5.970149253731343,0.0,3.0,2.3716216216216215,0.7909797297297297,2.9983342587451416,2.0,7.628378378378379
U00312,NaFe7/18Ni7/18Cu1/9Mn1/9O2,3,950,1.0,Successful,1.0,0.1111111111111111,2.0,0.3888888888888889,0.1111111111111111,0.3888888888888889,2.0,0.87,2.2988505747126435,0.0,9.0,3.0,0.785,3.821656050955414,0.0,5.0,4.0,0.67,5.970149253731343,0.0,3.0,3.002570694087404,0.7247300771208226,4.143019296254257,2.0,6.997429305912596
U00313,NaCu7/18Ni7/18Fe1/9Mn1/9O2,3,950,-1.0,Unsuccessful,1.0,0.3888888888888889,2.0,0.1111111111111111,0.1111111111111111,0.3888888888888889,2.0,0.87,2.2988505747126435,0.0,9.0,3.0,0.785,3.821656050955414,0.0,5.0,4.0,0.67,5.970149253731343,0.0,3.0,3.712082262210797,0.6502313624678663,5.708863762157034,2.0,6.287917737789203
U00314,NaFe7/18Mn7/18Cu1/9Ni1/9O2,3,950,1.0,Successful,1.0,0.1111111111111111,2.0,0.3888888888888889,0.3888888888888889,0.1111111111111111,2.0,0.87,2.2988505747126435,0.0,9.0,3.0,0.785,3.821656050955414,0.0,5.0,3.570694087403599,0.7193701799485862,4.963639287437239,1.0,3.429305912596401,2.0,0.83,2.4096385542168677,0.0,8.0
U00315,NaCu7/18Fe7/18Mn1/9Ni1/9O2,3,950,-1.0,Unsuccessful,1.0,0.3888888888888889,2.0,0.3888888888888889,0.1111111111111111,0.1111111111111111,2.0,0.87,2.2988505747126435,0.0,9.0,3.0,0.785,3.821656050955414,0.0,5.0,5.486486486486486,0.6353153153153153,8.63584798638684,3.0,1.5135135135135136,4.0,0.62,6.451612903225807,0.0,6.0
U00316,NaMn7/18Ni7/18Fe1/9Cu1/9O2,3,950,1.0,Successful,1.0,0.1111111111111111,2.0,0.1111111111111111,0.3888888888888889,0.3888888888888889,2.0,0.87,2.2988505747126435,0.0,9.0,3.0,0.785,3.821656050955414,0.0,5.0,4.0,0.67,5.970149253731343,0.0,3.0,2.2879177377892033,0.7997686375321337,2.8607245025875097,2.0,7.712082262210797
U00317,NaCu7/18Mn7/18Fe1/9Ni1/9O2,3,950,1.0,Successful,1.0,0.3888888888888889,2.0,0.1111111111111111,0.3888888888888889,0.1111111111111111,2.0,0.87,2.2988505747126435,0.0,9.0,3.0,0.785,3.821656050955414,0.0,5.0,4.0,0.67,5.970149253731343,0.0,3.0,2.990990990990991,0.725945945945946,4.120129064283941,2.0,7.009009009009009
U00318,Na0.75Mn2/3Cu1/6Fe1/6O2,3,950,1.0,Successful,0.75,0.16666666666666666,2.0,0.16666666666666666,0.6666666666666666,0.0,2.0,0.87,2.2988505747126435,0.0,9.0,3.0,0.785,3.821656050955414,0.0,5.0,3.6251874062968517,0.7131034482758621,5.083676730300227,1.0,3.374812593703148,,,,,
U00319,Na0.75Ni2/3Fe1/6Cu1/6O2,3,950,-1.0,Unsuccessful,0.75,0.16666666666666666,2.0,0.16666666666666666,0.0,0.6666666666666666,2.0,0.87,2.2988505747126435,0.0,9.0,3.0,0.785,3.821656050955414,0.0,5.0,,,,,,3.6251874062968517,0.6593553223388305,5.4980786284363,2.0,6.374812593703149
U00320,Na0.75Mn2/3Ni1/6Cu1/6O2,3,950,1.0,Successful,0.75,0.16666666666666666,2.0,0.0,0.6666666666666666,0.16666666666666666,2.0,0.87,2.2988505747126435,0.0,9.0,,,,,,3.875562218890555,0.6843103448275863,5.663457009212702,1.0,3.124437781109445,2.0,0.83,2.4096385542168677,0.0,8.0
U00321,Na0.75Mn2/3Fe1/6Ni1/6O2,3,950,1.0,Successful,0.75,0.0,2.0,0.16666666666666666,0.6666666666666666,0.16666666666666666,,,,,,3.0,0.785,3.821656050955414,0.0,5.0,3.6251874062968517,0.7131034482758621,5.083676730300227,1.0,3.374812593703148,2.0,0.83,2.4096385542168677,0.0,8.0
U00322,Na0.75Fe2/3Cu1/6Mn1/6O2,3,950,0.0,Successful,0.75,0.16666666666666666,2.0,0.6666666666666666,0.16666666666666666,0.0,2.0,0.87,2.2988505747126435,0.0,9.0,3.0,0.785,3.821656050955414,0.0,5.0,5.5089820359281445,0.6347904191616767,8.678426563531744,3.0,1.4910179640718562,,,,,
U00323,Na0.75Fe2/3Cu1/6Ni1/6O2,3,950,-1.0,Unsuccessful,0.75,0.16666666666666666,2.0,0.6666666666666666,0.0,0.16666666666666666,2.0,0.87,2.2988505747126435,0.0,9.0,3.0,0.785,3.821656050955414,0.0,5.0,,,,,,4.0,0.62,6.451612903225807,0.0,6.0
U00324,Na0.75Ni2/3Cu1/6Mn1/6O2,3,950,1.0,Successful,0.75,0.16666666666666666,2.0,0.0,0.16666666666666666,0.6666666666666666,2.0,0.87,2.2988505747126435,0.0,9.0,,,,,,4.0,0.67,5.970149253731343,0.0,3.0,3.376311844077961,0.685487256371814,4.925418835571499,2.0,6.623688155922038
U00325,Na0.75Fe2/3Ni1/6Mn1/6O2,3,950,0.0,Successful,0.75,0.0,2.0,0.6666666666666666,0.16666666666666666,0.16666666666666666,,,,,,3.0,0.785,3.821656050955414,0.0,5.0,4.0,0.67,5.970149253731343,0.0,3.0,3.4970059880239517,0.672814371257485,5.197579209683161,2.0,6.502994011976048
U00326,Na0.75Cu2/3Fe1/6Mn1/6O2,3,950,0.64,Successful,0.75,0.6666666666666666,2.0,0.16666666666666666,0.16666666666666666,0.0,2.0,0.87,2.2988505747126435,0.0,9.0,3.0,0.785,3.821656050955414,0.0,5.0,7.0,0.6,11.666666666666668,0.0,0.0,,,,,
U00327,Na0.75Cu2/3Ni1/6Fe1/6O2,3,950,-1.0,Unsuccessful,0.75,0.6666666666666666,2.0,0.16666666666666666,0.0,0.16666666666666666,2.0,0.87,2.2988505747126435,0.0,9.0,3.0,0.785,3.821656050955414,0.0,5.0,,,,,,4.0,0.62,6.451612903225807,0.0,6.0
U00328,Na0.75Cu2/3Ni1/6Mn1/6O2,3,950,1.0,Successful,0.75,0.6666666666666666,2.0,0.0,0.16666666666666666,0.16666666666666666,2.0,0.87,2.2988505747126435,0.0,9.0,,,,,,7.0,0.6,11.666666666666668,0.0,0.0,4.0,0.62,6.451612903225807,0.0,6.0
U00329,Na0.75Ni2/3Fe1/6Mn1/6O2,3,950,0.36,Successful,0.75,0.0,2.0,0.16666666666666666,0.16666666666666666,0.6666666666666666,,,,,,2.0,0.92,2.1739130434782608,0.0,6.0,2.0,0.97,2.061855670103093,0.0,5.0,3.874062968515742,0.633223388305847,6.118003598825647,2.0,6.125937031484258
U00330,Na0.75Cu2/3Ni1/9Mn1/9Fe1/9O2,3,950,0.4,Successful,0.75,0.6666666666666666,2.0,0.1111111111111111,0.1111111111111111,0.1111111111111111,2.0,0.87,2.2988505747126435,0.0,9.0,3.0,0.785,3.821656050955414,0.0,5.0,7.0,0.6,11.666666666666668,0.0,0.0,4.0,0.62,6.451612903225807,0.0,6.0
U00331,Na0.75Fe2/3Cu1/9Mn1/9Ni1/9O2,3,950,0.0,Successful,0.75,0.1111111111111111,2.0,0.6666666666666666,0.1111111111111111,0.1111111111111111,2.0,0.87,2.2988505747126435,0.0,9.0,3.0,0.785,3.821656050955414,0.0,5.0,5.243243243243244,0.640990990990991,8.179901616303585,3.0,1.7567567567567568,4.0,0.62,6.451612903225807,0.0,6.0
U00332,Na0.75Ni2/3Fe1/9Cu1/9Mn1/9O2,3,950,-1.0,Unsuccessful,0.75,0.1111111111111111,2.0,0.1111111111111111,0.1111111111111111,0.6666666666666666,2.0,0.87,2.2988505747126435,0.0,9.0,3.0,0.785,3.821656050955414,0.0,5.0,4.0,0.67,5.970149253731343,0.0,3.0,3.376311844077961,0.685487256371814,4.925418835571499,2.0,6.623688155922038
U00333,Na0.75Mn2/3Cu1/9Fe1/9Ni1/9O2,3,950,1.0,Successful,0.75,0.1111111111111111,2.0,0.1111111111111111,0.6666666666666666,0.1111111111111111,2.0,0.87,2.2988505747126435,0.0,9.0,3.0,0.785,3.821656050955414,0.0,5.0,3.709145427286357,0.703448275862069,5.272804774083546,1.0,3.2908545727136436,2.0,0.83,2.4096385542168677,0.0,8.0
U00334,Na0.75Mn1/9Cu8/27Fe8/27Ni8/27O2,3,950,-1.0,Unsuccessful,0.75,0.2962962962962963,2.0,0.2962962962962963,0.1111111111111111,0.2962962962962963,2.0,0.87,2.2988505747126435,0.0,9.0,3.0,0.785,3.821656050955414,0.0,5.0,5.243243243243244,0.640990990990991,8.179901616303585,3.0,1.7567567567567568,4.0,0.62,6.451612903225807,0.0,6.0
U00335,Na0.75Ni1/9Cu8/27Fe8/27Mn8/27O2,3,950,0.0,Successful,0.75,0.2962962962962963,2.0,0.2962962962962963,0.2962962962962963,0.1111111111111111,2.0,0.87,2.2988505747126435,0.0,9.0,3.0,0.785,3.821656050955414,0.0,5.0,4.466216216216217,0.6591216216216217,6.776012301383906,3.0,2.5337837837837838,4.0,0.62,6.451612903225807,0.0,6.0
U00336,Na0.75Fe1/9Mn8/27Cu8/27Ni8/27O2,3,950,1.0,Successful,0.75,0.2962962962962963,2.0,0.1111111111111111,0.2962962962962963,0.2962962962962963,2.0,0.87,2.2988505747126435,0.0,9.0,3.0,0.785,3.821656050955414,0.0,5.0,4.0,0.67,5.970149253731343,0.0,3.0,3.8445945945945943,0.6363175675675675,6.041943190868064,2.0,6.155405405405404
U00337,Na0.75Cu1/9Mn8/27Fe8/27Ni8/27O2,3,950,0.48,Successful,0.75,0.1111111111111111,2.0,0.2962962962962963,0.2962962962962963,0.2962962962962963,2.0,0.87,2.2988505747126435,0.0,9.0,3.0,0.785,3.821656050955414,0.0,5.0,4.0,0.67,5.970149253731343,0.0,3.0,3.2162162162162162,0.7022972972972974,4.579565133730998,2.0,6.783783783783784
U00338,Na0.75Fe7/18Ni7/18Cu1/9Mn1/9O2,3,950,0.0,Successful,0.75,0.1111111111111111,2.0,0.3888888888888889,0.1111111111111111,0.3888888888888889,2.0,0.87,2.2988505747126435,0.0,9.0,3.0,0.785,3.821656050955414,0.0,5.0,4.0,0.67,5.970149253731343,0.0,3.0,3.6452442159383036,0.6572493573264782,5.546211913795127,2.0,6.354755784061696
U00339,Na0.75Cu7/18Ni7/18Fe1/9Mn1/9O2,3,950,-1.0,Unsuccessful,0.75,0.3888888888888889,2.0,0.1111111111111111,0.1111111111111111,0.3888888888888889,2.0,0.87,2.2988505747126435,0.0,9.0,3.0,0.785,3.821656050955414,0.0,5.0,5.243243243243244,0.640990990990991,8.179901616303585,3.0,1.7567567567567568,4.0,0.62,6.451612903225807,0.0,6.0
U00340,Na0.75Fe7/18Mn7/18Cu1/9Ni1/9O2,3,950,0.66,Successful,0.75,0.1111111111111111,2.0,0.3888888888888889,0.3888888888888889,0.1111111111111111,2.0,0.87,2.2988505747126435,0.0,9.0,3.0,0.785,3.821656050955414,0.0,5.0,4.0,0.67,5.970149253731343,0.0,3.0,2.756756756756757,0.7505405405405404,3.6730284479654314,2.0,7.243243243243243
U00341,Na0.75Cu7/18Fe7/18Mn1/9Ni1/9O2,3,950,0.0,Successful,0.75,0.3888888888888889,2.0,0.3888888888888889,0.1111111111111111,0.1111111111111111,2.0,0.87,2.2988505747126435,0.0,9.0,3.0,0.785,3.821656050955414,0.0,5.0,7.0,0.6,11.666666666666668,0.0,0.0,4.0,0.62,6.451612903225807,0.0,6.0
U00342,Na0.75Mn7/18Ni7/18Fe1/9Cu1/9O2,3,950,0.87,Successful,0.75,0.1111111111111111,2.0,0.1111111111111111,0.3888888888888889,0.3888888888888889,2.0,0.87,2.2988505747126435,0.0,9.0,3.0,0.785,3.821656050955414,0.0,5.0,4.0,0.67,5.970149253731343,0.0,3.0,2.9305912596401025,0.7322879177377892,4.001965877975145,2.0,7.069408740359897
U00343,Na0.75Cu7/18Mn7/18Fe1/9Ni1/9O2,3,950,1.0,Successful,0.75,0.3888888888888889,2.0,0.1111111111111111,0.3888888888888889,0.1111111111111111,2.0,0.87,2.2988505747126435,0.0,9.0,3.0,0.785,3.821656050955414,0.0,5.0,4.354755784061697,0.6617223650385604,6.580940911386505,3.0,2.6452442159383036,4.0,0.62,6.451612903225807,0.0,6.0
U00344,Na0.5Mn2/3Cu1/6Fe1/6O2,3,950,1.0,Successful,0.5,0.16666666666666666,2.0,0.16666666666666666,0.6666666666666666,0.0,2.0,0.87,2.2988505747126435,0.0,9.0,3.0,0.785,3.821656050955414,0.0,5.0,4.0,0.67,5.970149253731343,0.0,3.0000000000000004,,,,,
U00345,Na0.5Ni2/3Fe1/6Cu1/6O2,3,950,-1.0,Unsuccessful,0.5,0.16666666666666666,2.0,0.16666666666666666,0.0,0.6666666666666666,2.0,0.87,2.2988505747126435,0.0,9.0,3.0,0.785,3.821656050955414,0.0,5.0,,,,,,4.0,0.62,6.451612903225807,0.0,6.000000000000001
U00346,Na0.5Mn2/3Ni1/6Cu1/6O2,3,950,1.0,Successful,0.5,0.16666666666666666,2.0,0.0,0.6666666666666666,0.16666666666666666,2.0,0.87,2.2988505747126435,0.0,9.0,,,,,,4.0,0.67,5.970149253731343,0.0,3.0000000000000004,3.0059880239520957,0.72437125748503,4.149789203934859,2.0,6.994011976047904
U00347,Na0.5Mn2/3Fe1/6Ni1/6O2,3,950,1.0,Successful,0.5,0.0,2.0,0.16666666666666666,0.6666666666666666,0.16666666666666666,,,,,,3.0,0.785,3.821656050955414,0.0,5.0,4.0,0.67,5.970149253731343,0.0,3.0000000000000004,2.0,0.83,2.4096385542168677,0.0,8.0
U00348,Na0.5Fe2/3Cu1/6Mn1/6O2,3,950,0.0,Successful,0.5,0.16666666666666666,2.0,0.6666666666666666,0.16666666666666666,0.0,2.0,0.87,2.2988505747126435,0.0,9.0,3.0,0.785,3.821656050955414,0.0,5.0,7.0,0.6,11.666666666666668,0.0,0.0,,,,,
U00349,Na0.5Fe2/3Cu1/6Ni1/6O2,3,950,-1.0,Unsuccessful,0.5,0.16666666666666666,2.0,0.6666666666666666,0.0,0.16666666666666666,2.0,0.87,2.2988505747126435,0.0,9.0,3.0,0.785,3.821656050955414,0.0,5.0,,,,,,4.0,0.62,6.451612903225807,0.0,6.0
U00350,Na0.5Ni2/3Cu1/6Mn1/6O2,3,950,1.0,Successful,0.5,0.16666666666666666,2.0,0.0,0.16666666666666666,0.6666666666666666,2.0,0.87,2.2988505747126435,0.0,9.0,,,,,,4.0,0.67,5.970149253731343,0.0,3.0,3.7511244377811095,0.6461319340329835,5.805508504072209,2.0,6.24887556221889
U00351,Na0.5Fe2/3Ni1/6Mn1/6O2,3,950,0.0,Successful,0.5,0.0,2.0,0.6666666666666666,0.16666666666666666,0.16666666666666666,,,,,,3.0,0.785,3.821656050955414,0.0,5.0,5.005988023952096,0.6465269461077845,7.742891543947392,3.0,1.9940119760479043,4.0,0.62,6.451612903225807,0.0,6.0
U00352,Na0.5Cu2/3Fe1/6Mn1/6O2,3,950,0.53,Successful,0.5,0.6666666666666666,2.0,0.16666666666666666,0.16666666666666666,0.0,2.0,0.87,2.2988505747126435,0.0,9.0,3.0,0.785,3.821656050955414,0.0,5.0,7.0,0.6,11.666666666666668,0.0,0.0,,,,,
U00353,Na0.5Cu2/3Ni1/6Fe1/6O2,3,950,-1.0,Unsuccessful,0.5,0.6666666666666666,2.0,0.16666666666666666,0.0,0.16666666666666666,2.0,0.87,2.2988505747126435,0.0,9.0,3.0,0.785,3.821656050955414,0.0,5.0,,,,,,4.0,0.62,6.451612903225807,0.0,6.0
U00354,Na0.5Cu2/3Ni1/6Mn1/6O2,3,950,0.0,Successful,0.5,0.6666666666666666,2.0,0.0,0.16666666666666666,0.16666666666666666,2.0,0.87,2.2988505747126435,0.0,9.0,,,,,,7.0,0.6,11.666666666666668,0.0,0.0,4.0,0.62,6.451612903225807,0.0,6.0
U00355,Na0.5Ni2/3Fe1/6Mn1/6O2,3,950,1.0,Successful,0.5,0.0,2.0,0.16666666666666666,0.16666666666666666,0.6666666666666666,,,,,,3.0,0.785,3.821656050955414,0.0,5.0,4.0,0.67,5.970149253731343,0.0,3.0,3.499250374812594,0.6725787106446777,5.2027373442411005,2.0,6.500749625187407
U00356,Na0.5Cu2/3Ni1/9Mn1/9Fe1/9O2,3,950,0.57,Successful,0.5,0.6666666666666666,2.0,0.1111111111111111,0.1111111111111111,0.1111111111111111,2.0,0.87,2.2988505747126435,0.0,9.0,3.0,0.785,3.821656050955414,0.0,5.0,7.0,0.6,11.666666666666668,0.0,0.0,4.0,0.62,6.451612903225807,0.0,6.0
U00357,Na0.5Fe2/3Cu1/9Mn1/9Ni1/9O2,3,950,0.0,Successful,0.5,0.1111111111111111,2.0,0.6666666666666666,0.1111111111111111,0.1111111111111111,2.0,0.87,2.2988505747126435,0.0,9.0,3.0,0.785,3.821656050955414,0.0,5.0,7.0,0.6,11.666666666666668,0.0,0.0,4.0,0.62,6.451612903225807,0.0,6.0
U00358,Na0.5Ni2/3Fe1/9Cu1/9Mn1/9O2,3,950,-1.0,Unsuccessful,0.5,0.1111111111111111,2.0,0.1111111111111111,0.1111111111111111,0.6666666666666666,2.0,0.87,2.2988505747126435,0.0,9.0,3.0,0.785,3.821656050955414,0.0,5.0,4.0,0.67,5.970149253731343,0.0,3.0,3.7511244377811095,0.6461319340329835,5.805508504072209,2.0,6.24887556221889
U00359,Na0.5Mn2/3Cu1/9Fe1/9Ni1/9O2,3,950,1.0,Successful,0.5,0.1111111111111111,2.0,0.1111111111111111,0.6666666666666666,0.1111111111111111,2.0,0.87,2.2988505747126435,0.0,9.0,3.0,0.785,3.821656050955414,0.0,5.0,4.0,0.67,5.970149253731343,0.0,3.0000000000000004,2.5045045045045047,0.7770270270270271,3.2231884057971016,2.0,7.495495495495496
U00360,Na0.5Mn1/9Cu8/27Fe8/27Ni8/27O2,3,950,-1.0,Unsuccessful,0.5,0.2962962962962963,2.0,0.2962962962962963,0.1111111111111111,0.2962962962962963,2.0,0.87,2.2988505747126435,0.0,9.0,3.0,0.785,3.821656050955414,0.0,5.0,7.0,0.6,11.666666666666668,0.0,0.0,4.0,0.62,6.451612903225807,0.0,6.0
U00361,Na0.5Ni1/9Cu8/27Fe8/27Mn8/27O2,3,950,0.5,Successful,0.5,0.2962962962962963,2.0,0.2962962962962963,0.2962962962962963,0.1111111111111111,2.0,0.87,2.2988505747126435,0.0,9.0,3.0,0.785,3.821656050955414,0.0,5.0,5.3074324324324325,0.6394932432432432,8.299434729779703,3.0,1.6925675675675673,4.0,0.62,6.451612903225807,0.0,6.0
U00362,Na0.5Fe1/9Mn8/27Cu8/27Ni8/27O2,3,950,0.72,Successful,0.5,0.2962962962962963,2.0,0.1111111111111111,0.2962962962962963,0.2962962962962963,2.0,0.87,2.2988505747126435,0.0,9.0,3.0,0.785,3.821656050955414,0.0,5.0,4.689189189189189,0.6539189189189188,7.170903079148585,3.0,2.3108108108108105,4.0,0.62,6.451612903225807,0.0,6.0
U00363,Na0.5Cu1/9Mn8/27Fe8/27Ni8/27O2,3,950,0.45,Successful,0.5,0.1111111111111111,2.0,0.2962962962962963,0.2962962962962963,0.2962962962962963,2.0,0.87,2.2988505747126435,0.0,9.0,3.0,0.785,3.821656050955414,0.0,5.0,4.0608108108108105,0.668581081081081,6.07377463365336,3.0,2.939189189189189,4.0,0.62,6.451612903225807,0.0,6.0
U00364,Na0.5Fe7/18Ni7/18Cu1/9Mn1/9O2,3,950,0.0,Successful,0.5,0.1111111111111111,2.0,0.3888888888888889,0.1111111111111111,0.3888888888888889,2.0,0.87,2.2988505747126435,0.0,9.0,3.0,0.785,3.821656050955414,0.0,5.0,5.0,0.6466666666666667,7.731958762886597,3.0,2.0,4.0,0.62,6.451612903225807,0.0,6.0
U00365,Na0.5Cu7/18Ni7/18Fe1/9Mn1/9O2,3,950,-1.0,Unsuccessful,0.5,0.3888888888888889,2.0,0.1111111111111111,0.1111111111111111,0.3888888888888889,2.0,0.87,2.2988505747126435,0.0,9.0,3.0,0.785,3.821656050955414,0.0,5.0,7.0,0.6,11.666666666666668,0.0,0.0,4.0,0.62,6.451612903225807,0.0,6.0
U00366,Na0.5Fe7/18Mn7/18Cu1/9Ni1/9O2,3,950,0.52,Successful,0.5,0.1111111111111111,2.0,0.3888888888888889,0.3888888888888889,0.1111111111111111,2.0,0.87,2.2988505747126435,0.0,9.0,3.0,0.785,3.821656050955414,0.0,5.0,4.285347043701799,0.6633419023136248,6.460238722678653,3.0,2.714652956298201,4.0,0.62,6.451612903225807,0.0,6.0
U00367,Na0.5Cu7/18Fe7/18Mn1/9Ni1/9O2,3,950,0.0,Successful,0.5,0.3888888888888889,2.0,0.3888888888888889,0.1111111111111111,0.1111111111111111,2.0,0.87,2.2988505747126435,0.0,9.0,3.0,0.785,3.821656050955414,0.0,5.0,7.0,0.6,11.666666666666668,0.0,0.0,4.0,0.62,6.451612903225807,0.0,6.0
U00368,Na0.5Mn7/18Ni7/18Fe1/9Cu1/9O2,3,950,0.83,Successful,0.5,0.1111111111111111,2.0,0.1111111111111111,0.3888888888888889,0.3888888888888889,2.0,0.87,2.2988505747126435,0.0,9.0,3.0,0.785,3.821656050955414,0.0,5.0,4.0,0.67,5.970149253731343,0.0,3.0,3.573264781491002,0.6648071979434447,5.374888828738254,2.0,6.426735218508997
U00369,Na0.5Cu7/18Mn7/18Fe1/9Ni1/9O2,3,950,1.0,Successful,0.5,0.3888888888888889,2.0,0.1111111111111111,0.3888888888888889,0.1111111111111111,2.0,0.87,2.2988505747126435,0.0,9.0,3.0,0.785,3.821656050955414,0.0,5.0,5.002570694087404,0.6466066838046273,7.73665169164712,3.0,1.9974293059125965,4.0,0.62,6.451612903225807,0.0,6.0
